book_id,category,bname,author,tag
13,同人,幻想偵探社,阿槍,二創
26,藝術設計,隨筆。繪 & 委託開張中,飛 Fly,二創
36,同人,【HP】慢半拍的預言家小姐,桑桑,二創
38,奇幻,【Hololive同人】虛擬公會才不清楚,憑軒遙望,二創
45,同人,名偵探柯南  黑色旅途,望夕雨,二創
49,同人,【白一西幻】the curse of roses,?月玖,二創
51,同人,【暗殺教室】資本家與鈔能力,畢業君,二創
57,同人,《火影．卡卡西同人—紅葉相思》,莫緹,二創
114,同人,等待愛妳【Mikey/東卍/東京卍復仇者】,冬琚i魂】,二創
142,同人,火影之木葉女神,小蟲子,二創
144,同人,【名偵探柯南】我只是想安靜的養老,畢業君,二創
147,同人,火影忍者卡卡西同人 - 火之穗影,夜行筆,二創
150,藝術設計,於月下揮灑畫筆,龘玥,二創
152,校園愛情,科學實驗王同人-彼此,茄伊,二創
154,同人,【獵人穿越】幻月傳,嘎苦露,二創
162,同人,【彩雲國物語同人】紫微,筱芷,二創
164,同人,排少BL-憧憬之人,知乎 赭,二創
166,同人,【名偵探柯南】光與闇的交錯,似笑非笑,二創
171,校園愛情,科學實驗王同人-初戀,茄伊,二創
172,同人,【暗殺教室】目標是 老師！,lara,二創
180,同人,閃十一 阿瑞斯 皇帝與死神,緋月,二創
184,同人,【鬼滅同人】六出飛花,妄隅,二創
206,同人,變形金剛穿越文---失落之鷹,神劍,二創
220,同人,【白一武?】移星?斗,?月玖,二創
246,同人,當我穿進排球世界圍觀cp,霜晴,二創
256,奇幻,穿越成史帝夫的我今天依然精神滿滿,易衍,二創
260,同人,《暗殺教室》-色彩斑斕,白星,二創
266,同人,【暗殺教室】白色風信子,雨凡,二創
296,同人,神奇寶貝之最終序章,神秘人二世,二創
312,藝術設計,Siao Yun 不專業塗坊,曉雲,二創
332,同人,萬界系統,夜聲,二創
355,同人,境界觸發者-同盟,初初,二創
361,同人,【HP】 春日之光與橘子樹,青蒼碧綠藍,二創
374,同人,閃電十一人-淺空,沁雪,二創
395,同人,OVERLORD白銀的女武神,白鴉,二創
424,同人,[咒迴同人〕當五條悟有女兒,菜蟲在啃高麗菜,二創
431,同人,文明傾頹,浪蒼,二創
432,同人,航向未來,浪蒼,二創
441,同人,【BLEACH】protect your own path,布丁,二創
442,同人,【我英】英雄,夜羽凜,二創
451,同人,【暗殺教室】橙色天空下的願望,楓櫻,二創
453,其它,哈利波特同人：Salvation 救贖,陳螞蟻,二創
483,其它,【閃11】承諾,叩拉,二創
495,同人,【排球少年】青色的我們 (青葉城西高校?青春),? ?,二創
497,同人,〔特傳x第二人生〕鹹魚的守世界學習日常,令羽十,二創
540,同人,閃電十一人《赤血少女》,水無月雨,二創
5,都會愛情,可以愛你嗎？,雷凱淇,女性向
7,都會愛情,夢,黑曼,女性向
8,都會愛情,林素,阿里里呀,女性向
12,百合,《玩火》（GL）,琉璃,女性向
16,驚悚推理,破唐案/裴氏手札•續鶯鶯記,鵲頤,女性向
25,百合,我們的那個年代(GL),開心果子,女性向
31,耽美,危險關係•夜奔,catatnight,女性向
49,同人,【白一西幻】the curse of roses,?月玖,女性向
50,古代愛情,自言本是京城女,花笙,女性向
54,都會愛情,最佳幻想,?毛,女性向
57,同人,《火影．卡卡西同人—紅葉相思》,莫緹,女性向
58,漫畫,女兒們,方愚,女性向
65,羅曼史,夏?春光/夏問春光,海?汪,女性向
67,奇幻,以世界為煙花，許你一場盛大的告白,無聊種子,女性向
68,耽美,【BL】 狼寵物,日下影,女性向
71,同人,綜漫之開拓者,摘星杓,女性向
76,驚悚推理,從死神手中逃離兩次的女孩,接近無限透明的藍,女性向
86,奇幻,王之后冠,悅陽,女性向
88,都會愛情,微醺藏紅,坐著,女性向
93,耽美,君似朝陽,知岸,女性向
95,耽美,武將愛神出任務,咩嚕羊,女性向
96,古代愛情,【穿書】反派的自我攻略,傾悠紫,女性向
98,都會愛情,陌生關係,喬木,女性向
102,耽美,微風徐徐（BL）,雨晞,女性向
105,都會愛情,久違的蠢蠢欲動,千夢,女性向
106,耽美,《星塵香》,蘿依,女性向
112,百合,【GL長篇】《與妳共飲的青春》,武佳栩,女性向
116,都會愛情,涼心夏絮,肆夕,女性向
124,百合,《花開不慢》（GL）,刃心,女性向
129,羅曼史,親愛的，請妳在乎一下,君靈鈴,女性向
130,網遊,【手遊】傳說中的白月光,香草 vanilla,女性向
146,校園愛情,微風的悸動,秦荼,女性向
147,同人,火影忍者卡卡西同人 - 火之穗影,夜行筆,女性向
149,耽美,電競方程式,季殃,女性向
153,網遊,【網遊】你不是你，妳不是妳,清歡,女性向
155,都會愛情,月下人心（後篇）,江乙呈,女性向
156,耽美,今天你喜歡上我了嗎？,林落,女性向
158,校園愛情,惡女的解藥,南宮瑾夜,女性向
160,耽美,【BL】聽說我住得是凶宅,風靈草,女性向
164,同人,排少BL-憧憬之人,知乎 赭,女性向
166,同人,【名偵探柯南】光與闇的交錯,似笑非笑,女性向
168,校園愛情,特別的那個我,邕滑滑,女性向
186,同人,【暗殺教室同人】明月,妄隅,女性向
190,都會愛情,《隱藏》,月落,女性向
191,溫馨勵志/成長療癒,《足印》,月落,女性向
195,校園愛情,孟夏蔚然,宕,女性向
209,校園愛情,借來的學長,桌川川（何奈）,女性向
211,百合,解剖師Anatomist (GL),福恩,女性向
215,科幻,救贖者-預選之女,Dream Chaser,女性向
218,百合,Lycoris Recoil 同人文,白噗噗,女性向
220,同人,【白一武?】移星?斗,?月玖,女性向
223,都會愛情,剛好喜歡你,柚昕,女性向
227,耽美,這年頭不上tag不標結局不能當偵探,Sanocon,女性向
229,耽美,[原創1] 小警員報恩記,moonlaker,女性向
231,羅曼史,非你不可,君靈鈴,女性向
233,奇幻,永恆之血(二) - 真相(The Truth),TING,女性向
236,奇幻,黑貓與德魯伊,常褢,女性向
241,耽美,無愛之人,露露小魚小麻雀,女性向
243,校園愛情,《如果我們再見》,裴甯,女性向
244,耽美,男神成了我的小三,草草泥,女性向
248,其它,【記憶深處】Ｉ-太陽,司穎,女性向
259,武俠仙俠,陰陽雙劍,醉竹苑,女性向
264,歷史,陶庵十賦,傅正玲,女性向
266,同人,【暗殺教室】白色風信子,雨凡,女性向
272,都會愛情,濁,丁凌凜,女性向
276,都市,坏蛋叔叔求放?,冰?色大西瓜,女性向
284,耽美,聽見呼叫請回答,東波,女性向
305,都市,囚困,花?miyu,女性向
306,同人,論平靜生活什麼時候才會來到,問號云,女性向
307,溫馨勵志/成長療癒,動物戀愛諮詢,吐維,女性向
312,藝術設計,Siao Yun 不專業塗坊,曉雲,女性向
315,校園愛情,青春薄霧,滑板兔,女性向
317,奇幻,[西幻]狂信徒攻略女神的正確方式,寂靜深空,女性向
324,奇幻,王之后冠-番外,悅陽,女性向
325,校園愛情,有你的每一夜,蕎奶,女性向
334,耽美,【耽美】染上玫瑰色,瑭碧,女性向
340,羅曼史,圓缺,瑜瓔,女性向
345,百合,安卓利亞,泡福,女性向
346,奇幻,學長的鱗片（修稿中）,雪袖子,女性向
347,網遊,《徐徐誘之》,朝覓覓,女性向
372,都會愛情,寧夏星辰,林絡緹,女性向
384,百合,麟心有千千婕（GL）,鞠飲,女性向
388,古代愛情,重生之傾城天下,郁小瑤,女性向
392,耽美,[原創耽美] 流浪者之王,喬哥,女性向
405,耽美,我們都重生了,夏血瞑,女性向
409,古代愛情,妖妃亂世：娶我可好,韶景,女性向
421,都會愛情,總裁不是人,小菲,女性向
423,同人,〔家教同人/山本BG〕雨中的彩虹,菜蟲在啃高麗菜,女性向
428,奇幻,【童話幻境系列之五】軟萌公主不軟萌,蘇妃雅,女性向
429,校園愛情,壁虎小姐,開心果子,女性向
440,校園愛情,疼愛,秦枝,女性向
442,同人,【我英】英雄,夜羽凜,女性向
452,同人,【銀魂】銀魂短篇,小雪夜,女性向
460,古代愛情,朝朝暮暮淚相思,HMY,女性向
461,耽美,??情愿但不??,不伐,女性向
463,古代愛情,藤華遺抄,toilet,女性向
477,驚悚推理,死神兄弟,鑷子,女性向
478,都市,同心,Aseer,女性向
482,羅曼史,重生之我和妳有個約定,蘋果派,女性向
485,耽美,截然不同的我們,?紫萱,女性向
486,百合,一見鍾情,幼羽,女性向
492,耽美,昏等佳期,靈雅,女性向
496,百合,GL?婉春城,小酒不?酒,女性向
498,耽美,Alpha被誤認成Omega白月光後,雨墨濂,女性向
502,都會愛情,社畜叫了上?服?的男妓第二天就被封控了,一只西?,女性向
506,文藝評論,兄友弟恭（bl短篇集）,趣?味?干,女性向
507,耽美,【BL】謀士對呆瓜的挑戰書,瀨木葉子,女性向
510,校園愛情,《時光總是很想你》,佐緒,女性向
526,都會愛情,你的模樣,一勺,女性向
539,古代愛情,武林學院,陳跡,女性向
543,都會愛情,你理想中的他,小鳥姐姐,女性向
545,都會愛情,偏偏偏愛,貳貳,女性向
10,都會愛情,路邊的野薄荷,楓錚,不限
20,藝術設計,某個冬日午後,玉如意,不限
22,藝術設計,憶曙,凌風,不限
23,羅曼史,教我談戀愛好嗎,一抹黃,不限
26,藝術設計,隨筆。繪 & 委託開張中,飛 Fly,不限
27,驚悚推理,受害者的嘆息,逍墨,不限
28,藝術設計,hope,凝妤,不限
29,校園愛情,寫下我與你的戀愛故事,米依,不限
30,歷史,情：三國,倚天筆出,不限
50,古代愛情,自言本是京城女,花笙,不限
63,生活風格,塔羅宇宙,RICH,不限
69,生活風格,(北市大)中英寫作線上練功房活動[個人優良作文集],小葉白筆,不限
76,驚悚推理,從死神手中逃離兩次的女孩,接近無限透明的藍,不限
77,其它,藏壽司白帽的田野調查,文森魚,不限
89,校園愛情,深深見,LaI,不限
90,古代愛情,長安曲,凌曉潔,不限
96,古代愛情,【穿書】反派的自我攻略,傾悠紫,不限
103,藝術設計,universe,玖淒,不限
115,生活風格,委託部??,點點茶,不限
123,都會愛情,夕陽色的訣別,端木冬粉,不限
125,奇幻,光?照到你,?毛,不限
126,其它,小蛇新詩集,小蛇hebi,不限
133,百合,散花集,白開水,不限
140,藝術設計,玻璃糖,涵今,不限
147,同人,火影忍者卡卡西同人 - 火之穗影,夜行筆,不限
150,藝術設計,於月下揮灑畫筆,龘玥,不限
159,校園愛情,花開滅之時,蒔,不限
165,耽美,《我厭世關你屁事》,相對之下,不限
166,同人,【名偵探柯南】光與闇的交錯,似笑非笑,不限
168,校園愛情,特別的那個我,邕滑滑,不限
175,其它,愛情的路途,落花雨,不限
178,藝術設計,來自蒲公英的信,月洝諾,不限
183,奇幻,風翔蒼路,小築/Starfish,不限
184,同人,【鬼滅同人】六出飛花,妄隅,不限
185,同人,【咒術同人】未知,妄隅,不限
186,同人,【暗殺教室同人】明月,妄隅,不限
194,校園愛情,餘夏的光,Zhen,不限
196,校園愛情,從今天起你是我的前男友,奚日青,不限
197,耽美,紅礿之願,騎嵐玥,不限
200,其它,對與錯，已經不重要了,來自加油站的小說家,不限
207,商業理財,我穿越到異世界找妹妹結果推翻了王朝第二劫──無勇,火火,不限
208,古代愛情,千金丫鬟,湛藍,不限
231,羅曼史,非你不可,君靈鈴,不限
232,藝術設計,環環相扣製封專區~,白洛,不限
237,玄幻,月下籤,不折花,不限
238,科幻,星際先驅號,蒂娜,不限
239,玄幻,人間釀,古月照今城,不限
240,科幻,神器-神泣,灰色貓,不限
245,藝術設計,從電繪板開始的「藝視界」,晉晉然,不限
261,都會愛情,hi女人妳是誰,阿蒙西西林,不限
262,百合,金魚、棒棒糖、妳(GL),當大麥升起時kk,不限
263,商業理財,黃善誠《拐點共振趨勢戰法》,Justice York,不限
270,文藝評論,[繪本]17項SDGs主題34本繪本推薦：〈繪本、博物館、紀錄片與行動〉計畫 Part1,小葉白筆,不限
275,其它,隨筆,于音/凜夜,不限
277,玄幻,葬仙,子夜,不限
281,藝術設計,日日皆歡喜,米菇,不限
286,都會愛情,戒紅癮,骨媛媛,不限
292,藝術設計,Wind flower,忘魚,不限
295,生活風格,我想要日常可可愛愛,凝妤,不限
296,同人,神奇寶貝之最終序章,神秘人二世,不限
300,商業理財,蔣明誠防騙指南,Kakol,不限
301,都市,墨龍 Dark Dragon (改),墨焰凜,不限
302,商業理財,Sftimo,猿飛阿斯瑪,不限
303,傳記/文學史,人生所經歷的事情就足以構成一本散文集!,水木沐,不限
305,都市,囚困,花?miyu,不限
308,商業理財,陳澤坤投資法則,戈爾巴羅夫,不限
309,商業理財,秦筱芳精華講義,秦筱芳,不限
312,藝術設計,Siao Yun 不專業塗坊,曉雲,不限
328,心靈養生,陪你去賞三日月後的黎明,在眼淚裡游泳的魚,不限
330,耽美,守恆定律,戰帆,不限
343,奇幻,女孩的童話,晴羽,不限
344,生活風格,我明白了什麼叫幻聽了,緋村劍心,不限
348,武俠仙俠,老天爺呀！我穿越了！,阿嫆兒,不限
349,其它,黃善誠防騙手則,Chad Mcneilyu,不限
350,傳記/文學史,[邀稿]POPO作家們的創作日常習慣分享,小葉白筆,不限
356,商業理財,陳澤坤防騙知識,列寧,不限
364,玄幻,斷輪 第一篇 奪七曜,憶宇,不限
368,同人,不真實的世界,地龍星風,不限
374,同人,閃電十一人-淺空,沁雪,不限
375,校園愛情,滄海遺珠,顧語墨Guyumo,不限
376,其它,?拾?,貓曈,不限
377,校園愛情,霧島聽風,俞淮,不限
378,生活風格,故事開端源於曲目,六六水汀,不限
386,其它,製作麵包,小屁孩,不限
402,商業理財,BTMIN交易所,何眠,不限
408,耽美,BL短篇作品集,米利藍亞,不限
410,校園愛情,愛情是我們能擁有的嗎？,佛系貓,不限
412,校園愛情,藏在心裡的喜歡,京凝,不限
413,校園愛情,咦的隨筆/咦的小短文,咦,不限
414,都市,晶晶,Vivi,不限
422,藝術設計,光之所在－design,摸西摸西,不限
426,同人,波西•傑克森&混血營英雄&太陽神試煉 同人,甜味辛香料,不限
436,生活風格,子緣食記,馮子緣,不限
438,生活風格,校稿喃喃,露露小魚小麻雀,不限
439,人文科普,議論,一角沏,不限
447,商業理財,蔣明誠【明誠學院】,Panda,不限
450,藝術設計,morbid,Astaire,不限
454,其它,不正常的平行世界,幸佑 YUko,不限
458,玄幻,我的上司不是人,月兒彎,不限
467,武俠仙俠,[氣度創作小說] [武學系列] [貳] 武學淵源,氣度,不限
479,驚悚推理,贖罪迷宮,莎拉,不限
480,人文科普,早該知道為何要團體戰對個人戰了,緋村劍心,不限
487,藝術設計,偶然｜Design,禾風,不限
490,藝術設計,諭魚諭魚水中游,諭魚,不限
491,藝術設計,我想畫圖但我不想畫圖,不折花,不限
503,藝術設計,Dream,芯虹,不限
504,玄幻,魔心,畫筠,不限
516,玄幻,打神,龍太子,不限
517,玄幻,廢柴殺手,佛系貓,不限
523,校園愛情,穿越是種懲罰,貓又全宗,不限
525,藝術設計,鳳鳥的微小世界,鳳鳥,不限
529,古代愛情,以委託重獲新生,海市蜃樓,不限
531,藝術設計,《製圖．幻想曲》,真月,不限
532,商業理財,BTMIN防騙守則,Allon,不限
533,商業理財,BTMIN防詐騙,Allon,不限
536,商業理財,陳澤坤,戈爾巴羅夫,不限
549,生活風格,大寶鑑,豆漿,不限
20,藝術設計,某個冬日午後,玉如意,心情抒發
25,百合,我們的那個年代(GL),開心果子,心情抒發
26,藝術設計,隨筆。繪 & 委託開張中,飛 Fly,心情抒發
41,生活風格,當這些事情串成一個故事,小爛泥尼,心情抒發
54,都會愛情,最佳幻想,?毛,心情抒發
55,奇幻,莫比烏斯的贈物,笙鳶,心情抒發
62,幽默/諷喻,花色少年,青色田螺,心情抒發
63,生活風格,塔羅宇宙,RICH,心情抒發
64,生活風格,那天夜裡我思念著告訴我宇宙真相的妳,DYN,心情抒發
69,生活風格,(北市大)中英寫作線上練功房活動[個人優良作文集],小葉白筆,心情抒發
77,其它,藏壽司白帽的田野調查,文森魚,心情抒發
81,校園愛情,如果沒有與你相遇,浦島次郎,心情抒發
91,校園愛情,飄雲不知驕陽處,夬夜,心情抒發
103,藝術設計,universe,玖淒,心情抒發
109,生活風格,魔術方塊自主學習/教學誌(初學者學習資源指引/入門到進階),小葉白筆,心情抒發
113,藝術設計,冬醞茶曦,點點茶,心情抒發
125,奇幻,光?照到你,?毛,心情抒發
126,其它,小蛇新詩集,小蛇hebi,心情抒發
133,百合,散花集,白開水,心情抒發
141,幽默/諷喻,圈養人,蘇忠,心情抒發
145,其它,traumatique,Astaire,心情抒發
150,藝術設計,於月下揮灑畫筆,龘玥,心情抒發
168,校園愛情,特別的那個我,邕滑滑,心情抒發
175,其它,愛情的路途,落花雨,心情抒發
189,藝術設計,《夜間飛行 Design》,崠好,心情抒發
191,溫馨勵志/成長療癒,《足印》,月落,心情抒發
202,校園愛情,LOVE詩集,淵阿,心情抒發
217,其它,束夢閣詩集,謝窺憐,心情抒發
238,科幻,星際先驅號,蒂娜,心情抒發
240,科幻,神器-神泣,灰色貓,心情抒發
245,藝術設計,從電繪板開始的「藝視界」,晉晉然,心情抒發
270,文藝評論,[繪本]17項SDGs主題34本繪本推薦：〈繪本、博物館、紀錄片與行動〉計畫 Part1,小葉白筆,心情抒發
275,其它,隨筆,于音/凜夜,心情抒發
281,藝術設計,日日皆歡喜,米菇,心情抒發
295,生活風格,我想要日常可可愛愛,凝妤,心情抒發
312,藝術設計,Siao Yun 不專業塗坊,曉雲,心情抒發
328,心靈養生,陪你去賞三日月後的黎明,在眼淚裡游泳的魚,心情抒發
339,生活風格,憂鬱日記,測試中,心情抒發
344,生活風格,我明白了什麼叫幻聽了,緋村劍心,心情抒發
350,傳記/文學史,[邀稿]POPO作家們的創作日常習慣分享,小葉白筆,心情抒發
362,人文科普,幫您愛上古典文學,二葉亭租客,心情抒發
378,生活風格,故事開端源於曲目,六六水汀,心情抒發
380,生活風格,數學再見，慢走不送,點點茶,心情抒發
383,校園愛情,好好說再見,微光,心情抒發
397,生活風格,腐漫圖書館,聿水潺,心情抒發
422,藝術設計,光之所在－design,摸西摸西,心情抒發
438,生活風格,校稿喃喃,露露小魚小麻雀,心情抒發
454,其它,不正常的平行世界,幸佑 YUko,心情抒發
480,人文科普,早該知道為何要團體戰對個人戰了,緋村劍心,心情抒發
490,藝術設計,諭魚諭魚水中游,諭魚,心情抒發
491,藝術設計,我想畫圖但我不想畫圖,不折花,心情抒發
500,心靈養生,365天挑戰計畫：每天三件事,天海璁,心情抒發
501,藝術設計,戀愛中的人,梔荼°,心情抒發
503,藝術設計,Dream,芯虹,心情抒發
506,文藝評論,兄友弟恭（bl短篇集）,趣?味?干,心情抒發
509,溫馨勵志/成長療癒,Wait for sunrise~,曉空,心情抒發
521,古代愛情,死?（骨科）,趣?味?干,心情抒發
534,生活風格,葉子的生活,戀楓,心情抒發
542,其它,DAILY,白羽如霜(魚),心情抒發
548,武俠仙俠,鶻鷹搏九霄,颯沓,心情抒發
549,生活風格,大寶鑑,豆漿,心情抒發
8,都會愛情,林素,阿里里呀,日常
9,都會愛情,?蝶,阿里里呀,日常
10,都會愛情,路邊的野薄荷,楓錚,日常
21,古代愛情,遇見。日月合璧,白桵,日常
25,百合,我們的那個年代(GL),開心果子,日常
29,校園愛情,寫下我與你的戀愛故事,米依,日常
31,耽美,危險關係•夜奔,catatnight,日常
32,校園愛情,內褲遺落的星期天,冰雪翎,日常
50,古代愛情,自言本是京城女,花笙,日常
54,都會愛情,最佳幻想,?毛,日常
59,心靈養生,垃圾同學會,方愚,日常
62,幽默/諷喻,花色少年,青色田螺,日常
63,生活風格,塔羅宇宙,RICH,日常
65,羅曼史,夏?春光/夏問春光,海?汪,日常
69,生活風格,(北市大)中英寫作線上練功房活動[個人優良作文集],小葉白筆,日常
75,生活風格,豬頭蓋森的翻譯日記,陳蓋森 GreysonChen,日常
77,其它,藏壽司白帽的田野調查,文森魚,日常
81,校園愛情,如果沒有與你相遇,浦島次郎,日常
83,都市,末日生存,飛躍,日常
87,同人,【排球少年】國王殿下要娶妃了,蒼靈,日常
94,校園愛情,中學生生活告白,Aias,日常
107,科幻,時返計畫：任務一,洋蔥飯糰,日常
109,生活風格,魔術方塊自主學習/教學誌(初學者學習資源指引/入門到進階),小葉白筆,日常
113,藝術設計,冬醞茶曦,點點茶,日常
126,其它,小蛇新詩集,小蛇hebi,日常
127,百合,撿隻小羊拎回家(GL),墨觴,日常
128,耽美,蘋果煙,雪鈅之獄,日常
130,網遊,【手遊】傳說中的白月光,香草 vanilla,日常
138,校園愛情,月色與雪色,薛九,日常
150,藝術設計,於月下揮灑畫筆,龘玥,日常
151,奇幻,傭兵公會,星,日常
152,校園愛情,科學實驗王同人-彼此,茄伊,日常
163,校園愛情,問題美少女盡在我身邊,冰雪翎,日常
171,校園愛情,科學實驗王同人-初戀,茄伊,日常
172,同人,【暗殺教室】目標是 老師！,lara,日常
189,藝術設計,《夜間飛行 Design》,崠好,日常
190,都會愛情,《隱藏》,月落,日常
191,溫馨勵志/成長療癒,《足印》,月落,日常
194,校園愛情,餘夏的光,Zhen,日常
202,校園愛情,LOVE詩集,淵阿,日常
212,校園愛情,1823,淵阿,日常
227,耽美,這年頭不上tag不標結局不能當偵探,Sanocon,日常
228,百合,再次緊握妳的手(GL),墨觴,日常
246,同人,當我穿進排球世界圍觀cp,霜晴,日常
248,其它,【記憶深處】Ｉ-太陽,司穎,日常
254,都市,遇上強暴這件事,栗子地瓜,日常
255,都市,無形波瀾,Udo,日常
257,都市,緣來自滑冰,皓月夜汐,日常
270,文藝評論,[繪本]17項SDGs主題34本繪本推薦：〈繪本、博物館、紀錄片與行動〉計畫 Part1,小葉白筆,日常
272,都會愛情,濁,丁凌凜,日常
275,其它,隨筆,于音/凜夜,日常
279,溫馨勵志/成長療癒,致．青春,氣泡人,日常
295,生活風格,我想要日常可可愛愛,凝妤,日常
297,奇幻,新人教官的日常,敘嵐,日常
303,傳記/文學史,人生所經歷的事情就足以構成一本散文集!,水木沐,日常
307,溫馨勵志/成長療癒,動物戀愛諮詢,吐維,日常
317,奇幻,[西幻]狂信徒攻略女神的正確方式,寂靜深空,日常
319,藝術設計,日曬,Quetzal,日常
322,都會愛情,【完結】獻給艾莉卡,路奎,日常
330,耽美,守恆定律,戰帆,日常
334,耽美,【耽美】染上玫瑰色,瑭碧,日常
341,百合,把全世界的溫暖都給她,kane.,日常
342,都會愛情,承認吧，就是喜歡,任苒,日常
344,生活風格,我明白了什麼叫幻聽了,緋村劍心,日常
350,傳記/文學史,[邀稿]POPO作家們的創作日常習慣分享,小葉白筆,日常
351,玄幻,竹州-首卷,?清,日常
359,生活風格,逃,小烏,日常
372,都會愛情,寧夏星辰,林絡緹,日常
378,生活風格,故事開端源於曲目,六六水汀,日常
379,其它,【暗殺教室1】,”千緒君‘’,日常
380,生活風格,數學再見，慢走不送,點點茶,日常
385,耽美,超莓好時光,央王日月,日常
386,其它,製作麵包,小屁孩,日常
393,校園愛情,微笑晚成,莫默,日常
407,生活風格,波波旅遊記,無常,日常
408,耽美,BL短篇作品集,米利藍亞,日常
411,百合,昕昕向融,Sarkez,日常
413,校園愛情,咦的隨筆/咦的小短文,咦,日常
416,耽美,鯊進你心,錢仔飛了飛,日常
417,生活風格,唯一,舒玲,日常
424,同人,[咒迴同人〕當五條悟有女兒,菜蟲在啃高麗菜,日常
436,生活風格,子緣食記,馮子緣,日常
438,生活風格,校稿喃喃,露露小魚小麻雀,日常
439,人文科普,議論,一角沏,日常
441,同人,【BLEACH】protect your own path,布丁,日常
446,都會愛情,落雨向薇光,攸青,日常
455,同人,[妖精尾巴 同人]月光之神,霜羽,日常
459,百合,光影天平,Flora.Kisaragi,日常
464,奇幻,彼此的幸福,水無月雨,日常
473,都市,殺手學院,李安心,日常
477,驚悚推理,死神兄弟,鑷子,日常
480,人文科普,早該知道為何要團體戰對個人戰了,緋村劍心,日常
491,藝術設計,我想畫圖但我不想畫圖,不折花,日常
498,耽美,Alpha被誤認成Omega白月光後,雨墨濂,日常
501,藝術設計,戀愛中的人,梔荼°,日常
502,都會愛情,社畜叫了上?服?的男妓第二天就被封控了,一只西?,日常
503,藝術設計,Dream,芯虹,日常
523,校園愛情,穿越是種懲罰,貓又全宗,日常
527,奇幻,利斯:蟲人記事,慵懶西米露,日常
528,校園愛情,我是女生耶,千翎,日常
535,校園愛情,我心中的那道流星,琉星,日常
542,其它,DAILY,白羽如霜(魚),日常
544,校園愛情,學長，我可是男公關！,樹橪Amber,日常
546,同人,Hololive 冒險故事,嘎逼,日常
550,奇幻,劃破宿命之刃,八雲夜,日常
2,百合,妳是我眼底的專注,什染,百合
4,百合,愛，瘋了(下部),清風絮語,百合
12,百合,《玩火》（GL）,琉璃,百合
15,百合,這一世，情深緣淺,?如初,百合
25,百合,我們的那個年代(GL),開心果子,百合
33,百合,囚徒(GL),紫起司,百合
35,百合,角落草。陽光,東 風水,百合
38,奇幻,【Hololive同人】虛擬公會才不清楚,憑軒遙望,百合
40,百合,盜海浮生,朱門九,百合
58,漫畫,女兒們,方愚,百合
79,耽美,雙蜜雙甜,麻子,百合
80,百合,厄比絲的眼[GL],三月的嫩草,百合
92,百合,以吻噤聲,東 風水,百合
101,百合,這輩子，讓我愛妳~,Summer,百合
112,百合,【GL長篇】《與妳共飲的青春》,武佳栩,百合
124,百合,《花開不慢》（GL）,刃心,百合
127,百合,撿隻小羊拎回家(GL),墨觴,百合
133,百合,散花集,白開水,百合
136,百合,【GL】口生惡苦,色之羊予沁???( ˙?˙ )???,百合
146,校園愛情,微風的悸動,秦荼,百合
173,奇幻,異世界來的異世界人管理者,笑望天,百合
188,百合,青春,森璟,百合
203,百合,【ABO】穿越後，我對上司一見鍾情GL,一片小小的雪花,百合
211,百合,解剖師Anatomist (GL),福恩,百合
218,百合,Lycoris Recoil 同人文,白噗噗,百合
219,百合,絕代風采,老娘,百合
228,百合,再次緊握妳的手(GL),墨觴,百合
258,百合,【GL】風箏指路,Afar鷗,百合
262,百合,金魚、棒棒糖、妳(GL),當大麥升起時kk,百合
267,校園愛情,夏夜徐徐，浮光冬雪,冉陽,百合
280,其它,神話傳說,雪月,百合
310,百合,穿越之云与海GL,?坡,百合
311,百合,?流作家俏警花,?坡,百合
316,百合,Last cigarette,森璟,百合
337,百合,夏堇與巫女,田子犬,百合
341,百合,把全世界的溫暖都給她,kane.,百合
345,百合,安卓利亞,泡福,百合
358,百合,天命,供過佛的多多綠,百合
371,百合,對我緊追不捨的前女友,白薔薇,百合
384,百合,麟心有千千婕（GL）,鞠飲,百合
411,百合,昕昕向融,Sarkez,百合
431,同人,文明傾頹,浪蒼,百合
432,同人,航向未來,浪蒼,百合
459,百合,光影天平,Flora.Kisaragi,百合
465,百合,創始之境,老娘,百合
486,百合,一見鍾情,幼羽,百合
496,百合,GL?婉春城,小酒不?酒,百合
513,百合,【GL】汽水美乃滋,黎胖,百合
514,軍事戰爭/災難冒險,末世AI,月兔,百合
518,百合,【GL】百合短篇小說集,黎胖,百合
522,百合,海蝸牛和貓葡萄（GL）,黎胖,百合
528,校園愛情,我是女生耶,千翎,百合
11,奇幻,夢境食用守則,瑭碧,妖怪
42,都會愛情,再次,逋,妖怪
73,古代愛情,師尊，師姐又來了！,小彥子飛走啦∼,妖怪
83,都市,末日生存,飛躍,妖怪
117,奇幻,彼岸物語,安逸經,妖怪
118,玄幻,文榆街的遺願相談所,東燁,妖怪
224,奇幻,皓月奇譚,汜羽荃,妖怪
247,耽美,古木新花年年發,禪狐,妖怪
252,人文科普,?誅神誅?,?愛神愛?,妖怪
253,玄幻,殺手，別怕,流星2世,妖怪
282,奇幻,隱形守護者,白天雨,妖怪
329,武俠仙俠,反派的求生路程,nightrain,妖怪
346,奇幻,學長的鱗片（修稿中）,雪袖子,妖怪
358,百合,天命,供過佛的多多綠,妖怪
387,恐怖靈異,短篇恐怖故事：商場怪談,問心,妖怪
391,武俠仙俠,獸仙,歐沙,妖怪
401,奇幻,靈妖世界,妙指禪,妖怪
449,武俠仙俠,陰陽先生,墨琴,妖怪
464,奇幻,彼此的幸福,水無月雨,妖怪
474,奇幻,動物靈,萌呆,妖怪
514,軍事戰爭/災難冒險,末世AI,月兔,妖怪
540,同人,閃電十一人《赤血少女》,水無月雨,妖怪
541,玄幻,元素大陸:黑暗與雷鳴,想寫寫不出來的小山豬,妖怪
235,奇幻,?仙轉生(異界的混沌),悠幻辰,快穿
363,科幻,星??制?1：?邦??,芒果道?,快穿
365,奇幻,七天三部曲,RICH,快穿
522,百合,海蝸牛和貓葡萄（GL）,黎胖,快穿
17,武俠仙俠,封神修真,聖堂肥痞,男性向
32,校園愛情,內褲遺落的星期天,冰雪翎,男性向
53,奇幻,開頭打倒最後邪神,茶魚味噌,男性向
78,影視,我不是喜劇之王,時空背包客,男性向
142,同人,火影之木葉女神,小蟲子,男性向
155,都會愛情,月下人心（後篇）,江乙呈,男性向
163,校園愛情,問題美少女盡在我身邊,冰雪翎,男性向
218,百合,Lycoris Recoil 同人文,白噗噗,男性向
242,奇幻,魔法高校生,冰雪翎,男性向
264,歷史,陶庵十賦,傅正玲,男性向
332,同人,萬界系統,夜聲,男性向
336,武俠仙俠,屍滿江山儷人行:第一部—火燒藥人谷,冰野玄,男性向
418,商業理財,TM,哭哭的十一月,男性向
444,玄幻,穿行者尼爾,意人子,男性向
460,古代愛情,朝朝暮暮淚相思,HMY,男性向
480,人文科普,早該知道為何要團體戰對個人戰了,緋村劍心,男性向
269,其它,笨蛋妹控的戀愛喜劇,天羽黑月,妹控
381,都會愛情,伊甸的戀愛,tama,妹控
449,武俠仙俠,陰陽先生,墨琴,妹控
6,古代愛情,晚風輕輕,王裘郡,青梅竹馬
9,都會愛情,?蝶,阿里里呀,青梅竹馬
11,奇幻,夢境食用守則,瑭碧,青梅竹馬
29,校園愛情,寫下我與你的戀愛故事,米依,青梅竹馬
48,校園愛情,那是她九年的祕密,天向,青梅竹馬
56,校園愛情,她的孩子氣,敘娜,青梅竹馬
57,同人,《火影．卡卡西同人—紅葉相思》,莫緹,青梅竹馬
66,傳記/文學史,我家姑爺不進門,于吝,青梅竹馬
87,同人,【排球少年】國王殿下要娶妃了,蒼靈,青梅竹馬
110,都會愛情,原來陸先生他喜歡我,悄悄,青梅竹馬
114,同人,等待愛妳【Mikey/東卍/東京卍復仇者】,冬琚i魂】,青梅竹馬
132,都會愛情,等你，轉眼瞬間,雲風,青梅竹馬
162,同人,【彩雲國物語同人】紫微,筱芷,青梅竹馬
195,校園愛情,孟夏蔚然,宕,青梅竹馬
196,校園愛情,從今天起你是我的前男友,奚日青,青梅竹馬
199,都會愛情,《永夜為恆星守候》,望結,青梅竹馬
221,都會愛情,眉眼如初,無華,青梅竹馬
222,溫馨勵志/成長療癒,中國軍旅不倫戀,Lu Mei,青梅竹馬
278,同人,東卍?月光 (別名：大家都想拐帶我),紫沫?,青梅竹馬
290,校園愛情,黏度最佳戀人,樂凡,青梅竹馬
314,溫馨勵志/成長療癒,雲朵綻,蓓莓草,青梅竹馬
379,其它,【暗殺教室1】,”千緒君‘’,青梅竹馬
381,都會愛情,伊甸的戀愛,tama,青梅竹馬
429,校園愛情,壁虎小姐,開心果子,青梅竹馬
437,文藝評論,?玉,阿芙蓉,青梅竹馬
440,校園愛情,疼愛,秦枝,青梅竹馬
455,同人,[妖精尾巴 同人]月光之神,霜羽,青梅竹馬
457,玄幻,必修牽線實習課,隨楓,青梅竹馬
459,百合,光影天平,Flora.Kisaragi,青梅竹馬
470,校園愛情,我的戀愛顧問,木靈,青梅竹馬
488,校園愛情,三年,氧.O?.,青梅竹馬
495,同人,【排球少年】青色的我們 (青葉城西高校?青春),? ?,青梅竹馬
496,百合,GL?婉春城,小酒不?酒,青梅竹馬
3,奇幻,你的足跡,BK,冒險
14,玄幻,重煉傳說,阿暖,冒險
16,驚悚推理,破唐案/裴氏手札•續鶯鶯記,鵲頤,冒險
19,奇幻,《心靈神衛使》第一卷 精靈樹的奇蹟-上弦月,海空,冒險
30,歷史,情：三國,倚天筆出,冒險
49,同人,【白一西幻】the curse of roses,?月玖,冒險
61,奇幻,眾道之主,小無,冒險
71,同人,綜漫之開拓者,摘星杓,冒險
72,科幻,落塵,墨中曦,冒險
76,驚悚推理,從死神手中逃離兩次的女孩,接近無限透明的藍,冒險
86,奇幻,王之后冠,悅陽,冒險
90,古代愛情,長安曲,凌曉潔,冒險
117,奇幻,彼岸物語,安逸經,冒險
131,武俠仙俠,畫槌錄,草士,冒險
137,耽美,星辰花　外篇　　失憶日後談,亞米珞,冒險
143,玄幻,輪迴劫,清絃子,冒險
147,同人,火影忍者卡卡西同人 - 火之穗影,夜行筆,冒險
151,奇幻,傭兵公會,星,冒險
153,網遊,【網遊】你不是你，妳不是妳,清歡,冒險
154,同人,【獵人穿越】幻月傳,嘎苦露,冒險
161,奇幻,來世，還要再當妳的貓,天兵,冒險
174,都會愛情,女配角的逆襲大作戰,米宣兒,冒險
176,奇幻,怪物之死,琥珀,冒險
182,奇幻,異．神之子 劇情番外,二日夾,冒險
197,耽美,紅礿之願,騎嵐玥,冒險
204,奇幻,最初神話,越神,冒險
205,奇幻,歡迎蒞臨，德福事務所！,藍凌羽,冒險
211,百合,解剖師Anatomist (GL),福恩,冒險
214,奇幻,寂寞國的影子：消滅ＯＯ的陰陽術對決,接近無限透明的藍,冒險
215,科幻,救贖者-預選之女,Dream Chaser,冒險
216,恐怖靈異,[懸疑冒險]巴別塔計劃,明光,冒險
226,奇幻,克蘇魯的黎明,佐渡遼歌,冒險
230,奇幻,地球戰隊,BK,冒險
233,奇幻,永恆之血(二) - 真相(The Truth),TING,冒險
236,奇幻,黑貓與德魯伊,常褢,冒險
251,奇幻,末後玩家,辰勾,冒險
255,都市,無形波瀾,Udo,冒險
271,武俠仙俠,[請協助翻譯]伏魔傳-108魔星與安史之亂,城作也,冒險
273,武俠仙俠,輪迴仙界,計時人員,冒險
277,玄幻,葬仙,子夜,冒險
282,奇幻,隱形守護者,白天雨,冒險
296,同人,神奇寶貝之最終序章,神秘人二世,冒險
301,都市,墨龍 Dark Dragon (改),墨焰凜,冒險
306,同人,論平靜生活什麼時候才會來到,問號云,冒險
314,溫馨勵志/成長療癒,雲朵綻,蓓莓草,冒險
318,奇幻,我成立隱藏於暗影中的最強軍團,天翔,冒險
324,奇幻,王之后冠-番外,悅陽,冒險
331,武俠仙俠,刀神,冰如劍,冒險
332,同人,萬界系統,夜聲,冒險
336,武俠仙俠,屍滿江山儷人行:第一部—火燒藥人谷,冰野玄,冒險
338,奇幻,尋找幸福要在穿越後,覓福,冒險
353,奇幻,《被善意&惡意包裹的新世界》 異世界輕小說穿越類型作品,dinosaur,冒險
354,奇幻,邪惡戰勝正義,Weizhe,冒險
360,耽美,【耽美】卿御良辰,妖靈,冒險
363,科幻,星??制?1：?邦??,芒果道?,冒險
364,玄幻,斷輪 第一篇 奪七曜,憶宇,冒險
365,奇幻,七天三部曲,RICH,冒險
366,奇幻,開棺驗屍《第一卷—成為提刑官》,非賢君子,冒險
373,科幻,再不打籃球世界就要毀滅了,SadoKokoro,冒險
396,奇幻,某天穿越到惡役公主養成遊戲,本姑娘資質平平 / Shana.C,冒險
401,奇幻,靈妖世界,妙指禪,冒險
404,驚悚推理,邪紅的呼喚,月雨海魅,冒險
420,驚悚推理,異瞳,寒熙,冒險
425,奇幻,輪迴夢境,佐佐。,冒險
435,其它,【Artemis Mondo：LOKI<狩神天下•逆神>】,Scaryn,冒險
444,玄幻,穿行者尼爾,意人子,冒險
448,其它,十二肖魂,Friend,冒險
455,同人,[妖精尾巴 同人]月光之神,霜羽,冒險
464,奇幻,彼此的幸福,水無月雨,冒險
465,百合,創始之境,老娘,冒險
468,奇幻,凡間神使,星羽,冒險
469,奇幻,守護星之背叛,木靈,冒險
472,奇幻,魔法夢,木靈,冒險
473,都市,殺手學院,李安心,冒險
499,奇幻,胡竹人的短篇故事集,胡竹人,冒險
513,百合,【GL】汽水美乃滋,黎胖,冒險
519,奇幻,?????????????????????????????????????????????人??偶??遊??戲,騎嵐玥,冒險
527,奇幻,利斯:蟲人記事,慵懶西米露,冒險
530,奇幻,遲到百年的勇者,墨硯,冒險
540,同人,閃電十一人《赤血少女》,水無月雨,冒險
548,武俠仙俠,鶻鷹搏九霄,颯沓,冒險
550,奇幻,劃破宿命之刃,八雲夜,冒險
30,歷史,情：三國,倚天筆出,後宮
86,奇幻,王之后冠,悅陽,後宮
135,恐怖靈異,惡魔之血,千夜繁星,後宮
250,玄幻,穿越之生與死遊戲,幽夜,後宮
321,奇幻,守護神的啟示,吹雪,後宮
323,古代愛情,我在第一個千禧年等你,若愚,後宮
332,同人,萬界系統,夜聲,後宮
336,武俠仙俠,屍滿江山儷人行:第一部—火燒藥人谷,冰野玄,後宮
3,奇幻,你的足跡,BK,穿越
21,古代愛情,遇見。日月合璧,白桵,穿越
38,奇幻,【Hololive同人】虛擬公會才不清楚,憑軒遙望,穿越
42,都會愛情,再次,逋,穿越
43,同人,【HP】Mrs. Potter,沫,穿越
78,影視,我不是喜劇之王,時空背包客,穿越
96,古代愛情,【穿書】反派的自我攻略,傾悠紫,穿越
107,科幻,時返計畫：任務一,洋蔥飯糰,穿越
121,同人,閃GO-情感,初初,穿越
154,同人,【獵人穿越】幻月傳,嘎苦露,穿越
173,奇幻,異世界來的異世界人管理者,笑望天,穿越
174,都會愛情,女配角的逆襲大作戰,米宣兒,穿越
187,歷史,無雙立志傳,大野桃子,穿越
203,百合,【ABO】穿越後，我對上司一見鍾情GL,一片小小的雪花,穿越
206,同人,變形金剛穿越文---失落之鷹,神劍,穿越
207,商業理財,我穿越到異世界找妹妹結果推翻了王朝第二劫──無勇,火火,穿越
208,古代愛情,千金丫鬟,湛藍,穿越
235,奇幻,?仙轉生(異界的混沌),悠幻辰,穿越
249,古代愛情,太子殿下不好當,墨子書,穿越
250,玄幻,穿越之生與死遊戲,幽夜,穿越
251,奇幻,末後玩家,辰勾,穿越
252,人文科普,?誅神誅?,?愛神愛?,穿越
256,奇幻,穿越成史帝夫的我今天依然精神滿滿,易衍,穿越
268,驚悚推理,窺,月雨海魅,穿越
273,武俠仙俠,輪迴仙界,計時人員,穿越
278,同人,東卍?月光 (別名：大家都想拐帶我),紫沫?,穿越
296,同人,神奇寶貝之最終序章,神秘人二世,穿越
299,奇幻,月球噪音,墨綠衣服,穿越
304,奇幻,天國宴席 之一 珍珠的力量,珞玄,穿越
310,百合,穿越之云与海GL,?坡,穿越
317,奇幻,[西幻]狂信徒攻略女神的正確方式,寂靜深空,穿越
320,校園愛情,我穿?了自己?的小?里,尤子今,穿越
323,古代愛情,我在第一個千禧年等你,若愚,穿越
327,武俠仙俠,九仙宗,無敵正義棕熊,穿越
329,武俠仙俠,反派的求生路程,nightrain,穿越
338,奇幻,尋找幸福要在穿越後,覓福,穿越
348,武俠仙俠,老天爺呀！我穿越了！,阿嫆兒,穿越
351,玄幻,竹州-首卷,?清,穿越
353,奇幻,《被善意&惡意包裹的新世界》 異世界輕小說穿越類型作品,dinosaur,穿越
360,耽美,【耽美】卿御良辰,妖靈,穿越
366,奇幻,開棺驗屍《第一卷—成為提刑官》,非賢君子,穿越
369,武俠仙俠,天地獨寵,三月雪,穿越
370,耽美,【聽風者】,藤山紫,穿越
373,科幻,再不打籃球世界就要毀滅了,SadoKokoro,穿越
395,同人,OVERLORD白銀的女武神,白鴉,穿越
396,奇幻,某天穿越到惡役公主養成遊戲,本姑娘資質平平 / Shana.C,穿越
399,古代愛情,玨定真心愛著妳,星彩蝶妃,穿越
425,奇幻,輪迴夢境,佐佐。,穿越
434,同人,【柯南】不想過勞而死,墨磐蓮,穿越
442,同人,【我英】英雄,夜羽凜,穿越
444,玄幻,穿行者尼爾,意人子,穿越
453,其它,哈利波特同人：Salvation 救贖,陳螞蟻,穿越
463,古代愛情,藤華遺抄,toilet,穿越
466,奇幻,轉生魔女的異世界生存手則,陵夜,穿越
472,奇幻,魔法夢,木靈,穿越
481,奇幻,《永恆》,蝶櫻,穿越
482,羅曼史,重生之我和妳有個約定,蘋果派,穿越
489,奇幻,轉生成為邪惡貴族的女兒,空想能手,穿越
508,玄幻,玄幻：極樂淨土,白鴉,穿越
515,古代愛情,穿越  傾心  相約,榆莙,穿越
523,校園愛情,穿越是種懲罰,貓又全宗,穿越
530,奇幻,遲到百年的勇者,墨硯,穿越
539,古代愛情,武林學院,陳跡,穿越
1,耽美,夢迴忘醉,藍梅西莎,虐心
4,百合,愛，瘋了(下部),清風絮語,虐心
7,都會愛情,夢,黑曼,虐心
18,奇幻,溫室雛鳥,風說,虐心
24,都會愛情,替星光送你一封匿名信,璨熹,虐心
31,耽美,危險關係•夜奔,catatnight,虐心
35,百合,角落草。陽光,東 風水,虐心
44,耽美,夢舞荒野中,雨天之後,虐心
57,同人,《火影．卡卡西同人—紅葉相思》,莫緹,虐心
60,耽美,你我最終在一起的機率,Freecia,虐心
68,耽美,【BL】 狼寵物,日下影,虐心
76,驚悚推理,從死神手中逃離兩次的女孩,接近無限透明的藍,虐心
79,耽美,雙蜜雙甜,麻子,虐心
84,校園愛情,遺忘在那年夏季的星海,璨熹,虐心
86,奇幻,王之后冠,悅陽,虐心
91,校園愛情,飄雲不知驕陽處,夬夜,虐心
92,百合,以吻噤聲,東 風水,虐心
100,古代愛情,戰神三世追妻,江水,虐心
110,都會愛情,原來陸先生他喜歡我,悄悄,虐心
111,校園愛情,只想喜歡你,漠星,虐心
120,校園愛情,後繼者,云韻,虐心
121,同人,閃GO-情感,初初,虐心
122,羅曼史,親愛的，別來無恙,榆莙,虐心
135,恐怖靈異,惡魔之血,千夜繁星,虐心
137,耽美,星辰花　外篇　　失憶日後談,亞米珞,虐心
146,校園愛情,微風的悸動,秦荼,虐心
156,耽美,今天你喜歡上我了嗎？,林落,虐心
157,校園愛情,在愛裡燃燒殆盡的我們,米兔,虐心
176,奇幻,怪物之死,琥珀,虐心
177,奇幻,命殞殘夢,月洝諾,虐心
190,都會愛情,《隱藏》,月落,虐心
191,溫馨勵志/成長療癒,《足印》,月落,虐心
193,都會愛情,甦醒之愛,小小雪,虐心
213,都會愛情,錯位的愛情,一勺,虐心
214,奇幻,寂寞國的影子：消滅ＯＯ的陰陽術對決,接近無限透明的藍,虐心
218,百合,Lycoris Recoil 同人文,白噗噗,虐心
222,溫馨勵志/成長療癒,中國軍旅不倫戀,Lu Mei,虐心
241,耽美,無愛之人,露露小魚小麻雀,虐心
254,都市,遇上強暴這件事,栗子地瓜,虐心
265,都會愛情,我笑著講你，卻也哭著想你,草覓,虐心
267,校園愛情,夏夜徐徐，浮光冬雪,冉陽,虐心
272,都會愛情,濁,丁凌凜,虐心
276,都市,坏蛋叔叔求放?,冰?色大西瓜,虐心
286,都會愛情,戒紅癮,骨媛媛,虐心
288,都會愛情,因為遇見你,竹子豆花,虐心
310,百合,穿越之云与海GL,?坡,虐心
315,校園愛情,青春薄霧,滑板兔,虐心
316,百合,Last cigarette,森璟,虐心
339,生活風格,憂鬱日記,測試中,虐心
340,羅曼史,圓缺,瑜瓔,虐心
341,百合,把全世界的溫暖都給她,kane.,虐心
352,校園愛情,扉聲之鑰·天籟心弦(夢想篇) Follow Your Dreams·Voice,安瑪.蜜柑,虐心
355,同人,境界觸發者-同盟,初初,虐心
361,同人,【HP】 春日之光與橘子樹,青蒼碧綠藍,虐心
369,武俠仙俠,天地獨寵,三月雪,虐心
370,耽美,【聽風者】,藤山紫,虐心
371,百合,對我緊追不捨的前女友,白薔薇,虐心
377,校園愛情,霧島聽風,俞淮,虐心
398,武俠仙俠,卿守玉,長相思,虐心
409,古代愛情,妖妃亂世：娶我可好,韶景,虐心
413,校園愛情,咦的隨筆/咦的小短文,咦,虐心
419,校園愛情,浪花,沫,虐心
433,武俠仙俠,浮生似真醉晚林,不折花,虐心
441,同人,【BLEACH】protect your own path,布丁,虐心
445,奇幻,數值世界,CG,虐心
446,都會愛情,落雨向薇光,攸青,虐心
460,古代愛情,朝朝暮暮淚相思,HMY,虐心
462,校園愛情,在灰燼中擁抱你,接近無限透明的藍,虐心
463,古代愛情,藤華遺抄,toilet,虐心
471,校園愛情,月亮的背面是溫柔,一勺,虐心
486,百合,一見鍾情,幼羽,虐心
489,奇幻,轉生成為邪惡貴族的女兒,空想能手,虐心
495,同人,【排球少年】青色的我們 (青葉城西高校?青春),? ?,虐心
498,耽美,Alpha被誤認成Omega白月光後,雨墨濂,虐心
515,古代愛情,穿越  傾心  相約,榆莙,虐心
520,古代愛情,奼紫嫣紅落盡時,黑桃老么,虐心
526,都會愛情,你的模樣,一勺,虐心
3,奇幻,你的足跡,BK,重生
17,武俠仙俠,封神修真,聖堂肥痞,重生
36,同人,【HP】慢半拍的預言家小姐,桑桑,重生
42,都會愛情,再次,逋,重生
43,同人,【HP】Mrs. Potter,沫,重生
106,耽美,《星塵香》,蘿依,重生
116,都會愛情,涼心夏絮,肆夕,重生
136,百合,【GL】口生惡苦,色之羊予沁???( ˙?˙ )???,重生
173,奇幻,異世界來的異世界人管理者,笑望天,重生
179,奇幻,我的契約死神,覃子,重生
187,歷史,無雙立志傳,大野桃子,重生
208,古代愛情,千金丫鬟,湛藍,重生
228,百合,再次緊握妳的手(GL),墨觴,重生
240,科幻,神器-神泣,灰色貓,重生
249,古代愛情,太子殿下不好當,墨子書,重生
253,玄幻,殺手，別怕,流星2世,重生
278,同人,東卍?月光 (別名：大家都想拐帶我),紫沫?,重生
283,奇幻,轉生到異世界繼續當奸商,風之使者,重生
323,古代愛情,我在第一個千禧年等你,若愚,重生
329,武俠仙俠,反派的求生路程,nightrain,重生
363,科幻,星??制?1：?邦??,芒果道?,重生
388,古代愛情,重生之傾城天下,郁小瑤,重生
391,武俠仙俠,獸仙,歐沙,重生
394,人文科普,神?,葛亦民,重生
405,耽美,我們都重生了,夏血瞑,重生
433,武俠仙俠,浮生似真醉晚林,不折花,重生
453,其它,哈利波特同人：Salvation 救贖,陳螞蟻,重生
466,奇幻,轉生魔女的異世界生存手則,陵夜,重生
473,都市,殺手學院,李安心,重生
482,羅曼史,重生之我和妳有個約定,蘋果派,重生
489,奇幻,轉生成為邪惡貴族的女兒,空想能手,重生
511,都市,重回那?年代,fengyu,重生
523,校園愛情,穿越是種懲罰,貓又全宗,重生
80,百合,厄比絲的眼[GL],三月的嫩草,恐怖
135,恐怖靈異,惡魔之血,千夜繁星,恐怖
160,耽美,【BL】聽說我住得是凶宅,風靈草,恐怖
181,驚悚推理,香江奇案之冷血屠夫,夕陽秋葉,恐怖
200,其它,對與錯，已經不重要了,來自加油站的小說家,恐怖
216,恐怖靈異,[懸疑冒險]巴別塔計劃,明光,恐怖
268,驚悚推理,窺,月雨海魅,恐怖
387,恐怖靈異,短篇恐怖故事：商場怪談,問心,恐怖
404,驚悚推理,邪紅的呼喚,月雨海魅,恐怖
420,驚悚推理,異瞳,寒熙,恐怖
474,奇幻,動物靈,萌呆,恐怖
475,恐怖靈異,心願診所,萌呆,恐怖
479,驚悚推理,贖罪迷宮,莎拉,恐怖
15,百合,這一世，情深緣淺,?如初,校園
29,校園愛情,寫下我與你的戀愛故事,米依,校園
32,校園愛情,內褲遺落的星期天,冰雪翎,校園
34,耽美,《依存症戒斷》,近別,校園
37,其它,異界學園,FourTeen,校園
39,武俠仙俠,仙王的日常生活 第三季 改編同人傳,幻影,校園
46,都會愛情,愛的陷阱,愛蔓,校園
48,校園愛情,那是她九年的祕密,天向,校園
52,校園愛情,一起，向陽走,Suzi蘇西,校園
56,校園愛情,她的孩子氣,敘娜,校園
60,耽美,你我最終在一起的機率,Freecia,校園
65,羅曼史,夏?春光/夏問春光,海?汪,校園
68,耽美,【BL】 狼寵物,日下影,校園
69,生活風格,(北市大)中英寫作線上練功房活動[個人優良作文集],小葉白筆,校園
81,校園愛情,如果沒有與你相遇,浦島次郎,校園
87,同人,【排球少年】國王殿下要娶妃了,蒼靈,校園
94,校園愛情,中學生生活告白,Aias,校園
104,耽美,灰色的謊／防衛機制,名江,校園
107,科幻,時返計畫：任務一,洋蔥飯糰,校園
109,生活風格,魔術方塊自主學習/教學誌(初學者學習資源指引/入門到進階),小葉白筆,校園
110,都會愛情,原來陸先生他喜歡我,悄悄,校園
111,校園愛情,只想喜歡你,漠星,校園
112,百合,【GL長篇】《與妳共飲的青春》,武佳栩,校園
114,同人,等待愛妳【Mikey/東卍/東京卍復仇者】,冬琚i魂】,校園
119,校園愛情,喜歡你的代號,Lena,校園
120,校園愛情,後繼者,云韻,校園
121,同人,閃GO-情感,初初,校園
128,耽美,蘋果煙,雪鈅之獄,校園
138,校園愛情,月色與雪色,薛九,校園
146,校園愛情,微風的悸動,秦荼,校園
148,奇幻,零能力繼承人(新版）,瑤光,校園
152,校園愛情,科學實驗王同人-彼此,茄伊,校園
158,校園愛情,惡女的解藥,南宮瑾夜,校園
159,校園愛情,花開滅之時,蒔,校園
163,校園愛情,問題美少女盡在我身邊,冰雪翎,校園
169,校園愛情,倒追男神的六大步驟（原名：明天見）,諭魚,校園
171,校園愛情,科學實驗王同人-初戀,茄伊,校園
172,同人,【暗殺教室】目標是 老師！,lara,校園
188,百合,青春,森璟,校園
194,校園愛情,餘夏的光,Zhen,校園
195,校園愛情,孟夏蔚然,宕,校園
209,校園愛情,借來的學長,桌川川（何奈）,校園
212,校園愛情,1823,淵阿,校園
213,都會愛情,錯位的愛情,一勺,校園
225,校園愛情,《我的直屬學長，你好呀》,慕槿,校園
226,奇幻,克蘇魯的黎明,佐渡遼歌,校園
234,校園愛情,失重後幸福,知筡,校園
243,校園愛情,《如果我們再見》,裴甯,校園
246,同人,當我穿進排球世界圍觀cp,霜晴,校園
255,都市,無形波瀾,Udo,校園
267,校園愛情,夏夜徐徐，浮光冬雪,冉陽,校園
269,其它,笨蛋妹控的戀愛喜劇,天羽黑月,校園
270,文藝評論,[繪本]17項SDGs主題34本繪本推薦：〈繪本、博物館、紀錄片與行動〉計畫 Part1,小葉白筆,校園
279,溫馨勵志/成長療癒,致．青春,氣泡人,校園
282,奇幻,隱形守護者,白天雨,校園
284,耽美,聽見呼叫請回答,東波,校園
285,百合,道德感告訴我GL,福恩,校園
287,校園愛情,《予你的第三個願望》,YC,校園
290,校園愛情,黏度最佳戀人,樂凡,校園
291,校園愛情,《殊途》,薩佐,校園
294,校園愛情,如魚得水,凵雨,校園
297,奇幻,新人教官的日常,敘嵐,校園
313,校園愛情,四季戀之歌,Emily,校園
315,校園愛情,青春薄霧,滑板兔,校園
320,校園愛情,我穿?了自己?的小?里,尤子今,校園
325,校園愛情,有你的每一夜,蕎奶,校園
334,耽美,【耽美】染上玫瑰色,瑭碧,校園
337,百合,夏堇與巫女,田子犬,校園
341,百合,把全世界的溫暖都給她,kane.,校園
346,奇幻,學長的鱗片（修稿中）,雪袖子,校園
354,奇幻,邪惡戰勝正義,Weizhe,校園
361,同人,【HP】 春日之光與橘子樹,青蒼碧綠藍,校園
371,百合,對我緊追不捨的前女友,白薔薇,校園
377,校園愛情,霧島聽風,俞淮,校園
379,其它,【暗殺教室1】,”千緒君‘’,校園
383,校園愛情,好好說再見,微光,校園
385,耽美,超莓好時光,央王日月,校園
386,其它,製作麵包,小屁孩,校園
393,校園愛情,微笑晚成,莫默,校園
396,奇幻,某天穿越到惡役公主養成遊戲,本姑娘資質平平 / Shana.C,校園
403,奇幻,見習騎士異聞譚?,冰?采,校園
410,校園愛情,愛情是我們能擁有的嗎？,佛系貓,校園
412,校園愛情,藏在心裡的喜歡,京凝,校園
419,校園愛情,浪花,沫,校園
420,驚悚推理,異瞳,寒熙,校園
423,同人,〔家教同人/山本BG〕雨中的彩虹,菜蟲在啃高麗菜,校園
424,同人,[咒迴同人〕當五條悟有女兒,菜蟲在啃高麗菜,校園
440,校園愛情,疼愛,秦枝,校園
449,武俠仙俠,陰陽先生,墨琴,校園
456,校園愛情,時光裡那個你,承愛羽,校園
457,玄幻,必修牽線實習課,隨楓,校園
461,耽美,??情愿但不??,不伐,校園
462,校園愛情,在灰燼中擁抱你,接近無限透明的藍,校園
468,奇幻,凡間神使,星羽,校園
469,奇幻,守護星之背叛,木靈,校園
470,校園愛情,我的戀愛顧問,木靈,校園
471,校園愛情,月亮的背面是溫柔,一勺,校園
472,奇幻,魔法夢,木靈,校園
476,校園愛情,《把喜歡藏進樹洞裡》,沾零,校園
480,人文科普,早該知道為何要團體戰對個人戰了,緋村劍心,校園
483,其它,【閃11】承諾,叩拉,校園
488,校園愛情,三年,氧.O?.,校園
494,校園愛情,噓！那句話不能說出口：單戀的繼續犯,接近無限透明的藍,校園
495,同人,【排球少年】青色的我們 (青葉城西高校?青春),? ?,校園
507,耽美,【BL】謀士對呆瓜的挑戰書,瀨木葉子,校園
510,校園愛情,《時光總是很想你》,佐緒,校園
512,耽美,在校園超渡朋友……的心魔,辰海,校園
528,校園愛情,我是女生耶,千翎,校園
535,校園愛情,我心中的那道流星,琉星,校園
538,校園愛情,睡夢中的笑容,細雨紛飛,校園
544,校園愛情,學長，我可是男公關！,樹橪Amber,校園
1,耽美,夢迴忘醉,藍梅西莎,耽美
26,藝術設計,隨筆。繪 & 委託開張中,飛 Fly,耽美
31,耽美,危險關係•夜奔,catatnight,耽美
34,耽美,《依存症戒斷》,近別,耽美
44,耽美,夢舞荒野中,雨天之後,耽美
55,奇幻,莫比烏斯的贈物,笙鳶,耽美
60,耽美,你我最終在一起的機率,Freecia,耽美
68,耽美,【BL】 狼寵物,日下影,耽美
79,耽美,雙蜜雙甜,麻子,耽美
93,耽美,君似朝陽,知岸,耽美
95,耽美,武將愛神出任務,咩嚕羊,耽美
102,耽美,微風徐徐（BL）,雨晞,耽美
104,耽美,灰色的謊／防衛機制,名江,耽美
106,耽美,《星塵香》,蘿依,耽美
108,耽美,惡鬼之心,月下醉鬼,耽美
128,耽美,蘋果煙,雪鈅之獄,耽美
137,耽美,星辰花　外篇　　失憶日後談,亞米珞,耽美
149,耽美,電競方程式,季殃,耽美
156,耽美,今天你喜歡上我了嗎？,林落,耽美
160,耽美,【BL】聽說我住得是凶宅,風靈草,耽美
164,同人,排少BL-憧憬之人,知乎 赭,耽美
165,耽美,《我厭世關你屁事》,相對之下,耽美
197,耽美,紅礿之願,騎嵐玥,耽美
220,同人,【白一武?】移星?斗,?月玖,耽美
227,耽美,這年頭不上tag不標結局不能當偵探,Sanocon,耽美
229,耽美,[原創1] 小警員報恩記,moonlaker,耽美
236,奇幻,黑貓與德魯伊,常褢,耽美
241,耽美,無愛之人,露露小魚小麻雀,耽美
244,耽美,男神成了我的小三,草草泥,耽美
246,同人,當我穿進排球世界圍觀cp,霜晴,耽美
247,耽美,古木新花年年發,禪狐,耽美
248,其它,【記憶深處】Ｉ-太陽,司穎,耽美
278,同人,東卍?月光 (別名：大家都想拐帶我),紫沫?,耽美
284,耽美,聽見呼叫請回答,東波,耽美
289,耽美,魚落圈,阿立,耽美
293,同人,亮光同人,霜晴,耽美
307,溫馨勵志/成長療癒,動物戀愛諮詢,吐維,耽美
312,藝術設計,Siao Yun 不專業塗坊,曉雲,耽美
329,武俠仙俠,反派的求生路程,nightrain,耽美
330,耽美,守恆定律,戰帆,耽美
334,耽美,【耽美】染上玫瑰色,瑭碧,耽美
348,武俠仙俠,老天爺呀！我穿越了！,阿嫆兒,耽美
351,玄幻,竹州-首卷,?清,耽美
360,耽美,【耽美】卿御良辰,妖靈,耽美
370,耽美,【聽風者】,藤山紫,耽美
377,校園愛情,霧島聽風,俞淮,耽美
385,耽美,超莓好時光,央王日月,耽美
392,耽美,[原創耽美] 流浪者之王,喬哥,耽美
397,生活風格,腐漫圖書館,聿水潺,耽美
405,耽美,我們都重生了,夏血瞑,耽美
406,耽美,以心相試,澤三,耽美
408,耽美,BL短篇作品集,米利藍亞,耽美
410,校園愛情,愛情是我們能擁有的嗎？,佛系貓,耽美
416,耽美,鯊進你心,錢仔飛了飛,耽美
427,驚悚推理,心若向陽,澪Ling,耽美
434,同人,【柯南】不想過勞而死,墨磐蓮,耽美
452,同人,【銀魂】銀魂短篇,小雪夜,耽美
461,耽美,??情愿但不??,不伐,耽美
484,耽美,DSss,金沙排骨,耽美
485,耽美,截然不同的我們,?紫萱,耽美
492,耽美,昏等佳期,靈雅,耽美
497,同人,〔特傳x第二人生〕鹹魚的守世界學習日常,令羽十,耽美
498,耽美,Alpha被誤認成Omega白月光後,雨墨濂,耽美
505,耽美,調教狂犬需揉捏愛撫,傻白,耽美
506,文藝評論,兄友弟恭（bl短篇集）,趣?味?干,耽美
512,耽美,在校園超渡朋友……的心魔,辰海,耽美
513,百合,【GL】汽水美乃滋,黎胖,耽美
519,奇幻,?????????????????????????????????????????????人??偶??遊??戲,騎嵐玥,耽美
522,百合,海蝸牛和貓葡萄（GL）,黎胖,耽美
538,校園愛情,睡夢中的笑容,細雨紛飛,耽美
44,耽美,夢舞荒野中,雨天之後,清水
48,校園愛情,那是她九年的祕密,天向,清水
58,漫畫,女兒們,方愚,清水
67,奇幻,以世界為煙花，許你一場盛大的告白,無聊種子,清水
80,百合,厄比絲的眼[GL],三月的嫩草,清水
93,耽美,君似朝陽,知岸,清水
96,古代愛情,【穿書】反派的自我攻略,傾悠紫,清水
149,耽美,電競方程式,季殃,清水
167,校園愛情,聊天紀錄,嵐蘭,清水
223,都會愛情,剛好喜歡你,柚昕,清水
227,耽美,這年頭不上tag不標結局不能當偵探,Sanocon,清水
243,校園愛情,《如果我們再見》,裴甯,清水
287,校園愛情,《予你的第三個願望》,YC,清水
330,耽美,守恆定律,戰帆,清水
337,百合,夏堇與巫女,田子犬,清水
345,百合,安卓利亞,泡福,清水
403,奇幻,見習騎士異聞譚?,冰?采,清水
476,校園愛情,《把喜歡藏進樹洞裡》,沾零,清水
485,耽美,截然不同的我們,?紫萱,清水
495,同人,【排球少年】青色的我們 (青葉城西高校?青春),? ?,清水
519,奇幻,?????????????????????????????????????????????人??偶??遊??戲,騎嵐玥,清水
549,生活風格,大寶鑑,豆漿,清水
14,玄幻,重煉傳說,阿暖,爽文
17,武俠仙俠,封神修真,聖堂肥痞,爽文
39,武俠仙俠,仙王的日常生活 第三季 改編同人傳,幻影,爽文
54,都會愛情,最佳幻想,?毛,爽文
62,幽默/諷喻,花色少年,青色田螺,爽文
63,生活風格,塔羅宇宙,RICH,爽文
77,其它,藏壽司白帽的田野調查,文森魚,爽文
80,百合,厄比絲的眼[GL],三月的嫩草,爽文
82,都會愛情,我只對你有感覺,舟小雨,爽文
88,都會愛情,微醺藏紅,坐著,爽文
132,都會愛情,等你，轉眼瞬間,雲風,爽文
154,同人,【獵人穿越】幻月傳,嘎苦露,爽文
173,奇幻,異世界來的異世界人管理者,笑望天,爽文
185,同人,【咒術同人】未知,妄隅,爽文
186,同人,【暗殺教室同人】明月,妄隅,爽文
203,百合,【ABO】穿越後，我對上司一見鍾情GL,一片小小的雪花,爽文
238,科幻,星際先驅號,蒂娜,爽文
240,科幻,神器-神泣,灰色貓,爽文
261,都會愛情,hi女人妳是誰,阿蒙西西林,爽文
276,都市,坏蛋叔叔求放?,冰?色大西瓜,爽文
291,校園愛情,《殊途》,薩佐,爽文
310,百合,穿越之云与海GL,?坡,爽文
318,奇幻,我成立隱藏於暗影中的最強軍團,天翔,爽文
324,奇幻,王之后冠-番外,悅陽,爽文
327,武俠仙俠,九仙宗,無敵正義棕熊,爽文
332,同人,萬界系統,夜聲,爽文
382,都會愛情,知足常?（1v1）,??大?付,爽文
389,其它,未知,風無,爽文
390,校園愛情,她有個奇妙同學,安憂,爽文
391,武俠仙俠,獸仙,歐沙,爽文
406,耽美,以心相試,澤三,爽文
425,奇幻,輪迴夢境,佐佐。,爽文
430,其它,伴手禮製作,小屁孩,爽文
442,同人,【我英】英雄,夜羽凜,爽文
494,校園愛情,噓！那句話不能說出口：單戀的繼續犯,接近無限透明的藍,爽文
500,心靈養生,365天挑戰計畫：每天三件事,天海璁,爽文
508,玄幻,玄幻：極樂淨土,白鴉,爽文
512,耽美,在校園超渡朋友……的心魔,辰海,爽文
548,武俠仙俠,鶻鷹搏九霄,颯沓,爽文
5,都會愛情,可以愛你嗎？,雷凱淇,甜文
9,都會愛情,?蝶,阿里里呀,甜文
24,都會愛情,替星光送你一封匿名信,璨熹,甜文
36,同人,【HP】慢半拍的預言家小姐,桑桑,甜文
43,同人,【HP】Mrs. Potter,沫,甜文
52,校園愛情,一起，向陽走,Suzi蘇西,甜文
56,校園愛情,她的孩子氣,敘娜,甜文
60,耽美,你我最終在一起的機率,Freecia,甜文
74,都會愛情,我們的約定,如夢初醒,甜文
79,耽美,雙蜜雙甜,麻子,甜文
82,都會愛情,我只對你有感覺,舟小雨,甜文
84,校園愛情,遺忘在那年夏季的星海,璨熹,甜文
85,校園愛情,《男神，你等等》,米琳,甜文
88,都會愛情,微醺藏紅,坐著,甜文
90,古代愛情,長安曲,凌曉潔,甜文
93,耽美,君似朝陽,知岸,甜文
98,都會愛情,陌生關係,喬木,甜文
100,古代愛情,戰神三世追妻,江水,甜文
104,耽美,灰色的謊／防衛機制,名江,甜文
105,都會愛情,久違的蠢蠢欲動,千夢,甜文
108,耽美,惡鬼之心,月下醉鬼,甜文
110,都會愛情,原來陸先生他喜歡我,悄悄,甜文
116,都會愛情,涼心夏絮,肆夕,甜文
122,羅曼史,親愛的，別來無恙,榆莙,甜文
128,耽美,蘋果煙,雪鈅之獄,甜文
129,羅曼史,親愛的，請妳在乎一下,君靈鈴,甜文
130,網遊,【手遊】傳說中的白月光,香草 vanilla,甜文
132,都會愛情,等你，轉眼瞬間,雲風,甜文
138,校園愛情,月色與雪色,薛九,甜文
147,同人,火影忍者卡卡西同人 - 火之穗影,夜行筆,甜文
152,校園愛情,科學實驗王同人-彼此,茄伊,甜文
155,都會愛情,月下人心（後篇）,江乙呈,甜文
159,校園愛情,花開滅之時,蒔,甜文
160,耽美,【BL】聽說我住得是凶宅,風靈草,甜文
164,同人,排少BL-憧憬之人,知乎 赭,甜文
167,校園愛情,聊天紀錄,嵐蘭,甜文
169,校園愛情,倒追男神的六大步驟（原名：明天見）,諭魚,甜文
192,羅曼史,如果的但是如果,嬋嬋,甜文
195,校園愛情,孟夏蔚然,宕,甜文
199,都會愛情,《永夜為恆星守候》,望結,甜文
203,百合,【ABO】穿越後，我對上司一見鍾情GL,一片小小的雪花,甜文
206,同人,變形金剛穿越文---失落之鷹,神劍,甜文
210,都會愛情,摽梅之年,新茶 LJNT,甜文
213,都會愛情,錯位的愛情,一勺,甜文
215,科幻,救贖者-預選之女,Dream Chaser,甜文
218,百合,Lycoris Recoil 同人文,白噗噗,甜文
219,百合,絕代風采,老娘,甜文
225,校園愛情,《我的直屬學長，你好呀》,慕槿,甜文
229,耽美,[原創1] 小警員報恩記,moonlaker,甜文
231,羅曼史,非你不可,君靈鈴,甜文
261,都會愛情,hi女人妳是誰,阿蒙西西林,甜文
267,校園愛情,夏夜徐徐，浮光冬雪,冉陽,甜文
287,校園愛情,《予你的第三個願望》,YC,甜文
288,都會愛情,因為遇見你,竹子豆花,甜文
290,校園愛情,黏度最佳戀人,樂凡,甜文
311,百合,?流作家俏警花,?坡,甜文
313,校園愛情,四季戀之歌,Emily,甜文
314,溫馨勵志/成長療癒,雲朵綻,蓓莓草,甜文
317,奇幻,[西幻]狂信徒攻略女神的正確方式,寂靜深空,甜文
325,校園愛情,有你的每一夜,蕎奶,甜文
340,羅曼史,圓缺,瑜瓔,甜文
342,都會愛情,承認吧，就是喜歡,任苒,甜文
346,奇幻,學長的鱗片（修稿中）,雪袖子,甜文
347,網遊,《徐徐誘之》,朝覓覓,甜文
352,校園愛情,扉聲之鑰·天籟心弦(夢想篇) Follow Your Dreams·Voice,安瑪.蜜柑,甜文
361,同人,【HP】 春日之光與橘子樹,青蒼碧綠藍,甜文
369,武俠仙俠,天地獨寵,三月雪,甜文
371,百合,對我緊追不捨的前女友,白薔薇,甜文
372,都會愛情,寧夏星辰,林絡緹,甜文
382,都會愛情,知足常?（1v1）,??大?付,甜文
393,校園愛情,微笑晚成,莫默,甜文
406,耽美,以心相試,澤三,甜文
413,校園愛情,咦的隨筆/咦的小短文,咦,甜文
419,校園愛情,浪花,沫,甜文
421,都會愛情,總裁不是人,小菲,甜文
429,校園愛情,壁虎小姐,開心果子,甜文
437,文藝評論,?玉,阿芙蓉,甜文
440,校園愛情,疼愛,秦枝,甜文
446,都會愛情,落雨向薇光,攸青,甜文
452,同人,【銀魂】銀魂短篇,小雪夜,甜文
457,玄幻,必修牽線實習課,隨楓,甜文
459,百合,光影天平,Flora.Kisaragi,甜文
461,耽美,??情愿但不??,不伐,甜文
462,校園愛情,在灰燼中擁抱你,接近無限透明的藍,甜文
466,奇幻,轉生魔女的異世界生存手則,陵夜,甜文
482,羅曼史,重生之我和妳有個約定,蘋果派,甜文
488,校園愛情,三年,氧.O?.,甜文
492,耽美,昏等佳期,靈雅,甜文
494,校園愛情,噓！那句話不能說出口：單戀的繼續犯,接近無限透明的藍,甜文
498,耽美,Alpha被誤認成Omega白月光後,雨墨濂,甜文
501,藝術設計,戀愛中的人,梔荼°,甜文
505,耽美,調教狂犬需揉捏愛撫,傻白,甜文
507,耽美,【BL】謀士對呆瓜的挑戰書,瀨木葉子,甜文
510,校園愛情,《時光總是很想你》,佐緒,甜文
512,耽美,在校園超渡朋友……的心魔,辰海,甜文
515,古代愛情,穿越  傾心  相約,榆莙,甜文
518,百合,【GL】百合短篇小說集,黎胖,甜文
521,古代愛情,死?（骨科）,趣?味?干,甜文
522,百合,海蝸牛和貓葡萄（GL）,黎胖,甜文
524,校園愛情,望北待返南,玖淒,甜文
529,古代愛情,以委託重獲新生,海市蜃樓,甜文
539,古代愛情,武林學院,陳跡,甜文
545,都會愛情,偏偏偏愛,貳貳,甜文
19,奇幻,《心靈神衛使》第一卷 精靈樹的奇蹟-上弦月,海空,異界
37,其它,異界學園,FourTeen,異界
47,軍事戰爭/災難冒險,參謀本部的異世界作戰紀錄,上榆,異界
67,奇幻,以世界為煙花，許你一場盛大的告白,無聊種子,異界
78,影視,我不是喜劇之王,時空背包客,異界
117,奇幻,彼岸物語,安逸經,異界
158,校園愛情,惡女的解藥,南宮瑾夜,異界
173,奇幻,異世界來的異世界人管理者,笑望天,異界
176,奇幻,怪物之死,琥珀,異界
179,奇幻,我的契約死神,覃子,異界
182,奇幻,異．神之子 劇情番外,二日夾,異界
204,奇幻,最初神話,越神,異界
207,商業理財,我穿越到異世界找妹妹結果推翻了王朝第二劫──無勇,火火,異界
235,奇幻,?仙轉生(異界的混沌),悠幻辰,異界
250,玄幻,穿越之生與死遊戲,幽夜,異界
251,奇幻,末後玩家,辰勾,異界
273,武俠仙俠,輪迴仙界,計時人員,異界
283,奇幻,轉生到異世界繼續當奸商,風之使者,異界
317,奇幻,[西幻]狂信徒攻略女神的正確方式,寂靜深空,異界
321,奇幻,守護神的啟示,吹雪,異界
333,奇幻,創始之劫,一葉障目,異界
335,奇幻,非人管理所(修改版),茶葉梗(棉花喵),異界
353,奇幻,《被善意&惡意包裹的新世界》 異世界輕小說穿越類型作品,dinosaur,異界
365,奇幻,七天三部曲,RICH,異界
370,耽美,【聽風者】,藤山紫,異界
384,百合,麟心有千千婕（GL）,鞠飲,異界
388,古代愛情,重生之傾城天下,郁小瑤,異界
391,武俠仙俠,獸仙,歐沙,異界
392,耽美,[原創耽美] 流浪者之王,喬哥,異界
394,人文科普,神?,葛亦民,異界
395,同人,OVERLORD白銀的女武神,白鴉,異界
396,奇幻,某天穿越到惡役公主養成遊戲,本姑娘資質平平 / Shana.C,異界
399,古代愛情,玨定真心愛著妳,星彩蝶妃,異界
401,奇幻,靈妖世界,妙指禪,異界
403,奇幻,見習騎士異聞譚?,冰?采,異界
404,驚悚推理,邪紅的呼喚,月雨海魅,異界
444,玄幻,穿行者尼爾,意人子,異界
472,奇幻,魔法夢,木靈,異界
481,奇幻,《永恆》,蝶櫻,異界
489,奇幻,轉生成為邪惡貴族的女兒,空想能手,異界
493,奇幻,影盾魔使Ⅲ　　迄起，顯露漸趨。,羅瑟,異界
514,軍事戰爭/災難冒險,末世AI,月兔,異界
527,奇幻,利斯:蟲人記事,慵懶西米露,異界
530,奇幻,遲到百年的勇者,墨硯,異界
541,玄幻,元素大陸:黑暗與雷鳴,想寫寫不出來的小山豬,異界
37,其它,異界學園,FourTeen,異能
39,武俠仙俠,仙王的日常生活 第三季 改編同人傳,幻影,異能
42,都會愛情,再次,逋,異能
55,奇幻,莫比烏斯的贈物,笙鳶,異能
61,奇幻,眾道之主,小無,異能
71,同人,綜漫之開拓者,摘星杓,異能
108,耽美,惡鬼之心,月下醉鬼,異能
109,生活風格,魔術方塊自主學習/教學誌(初學者學習資源指引/入門到進階),小葉白筆,異能
117,奇幻,彼岸物語,安逸經,異能
134,玄幻,你的誓言，我的謊言,羅都,異能
143,玄幻,輪迴劫,清絃子,異能
158,校園愛情,惡女的解藥,南宮瑾夜,異能
177,奇幻,命殞殘夢,月洝諾,異能
180,同人,閃十一 阿瑞斯 皇帝與死神,緋月,異能
182,奇幻,異．神之子 劇情番外,二日夾,異能
200,其它,對與錯，已經不重要了,來自加油站的小說家,異能
204,奇幻,最初神話,越神,異能
207,商業理財,我穿越到異世界找妹妹結果推翻了王朝第二劫──無勇,火火,異能
214,奇幻,寂寞國的影子：消滅ＯＯ的陰陽術對決,接近無限透明的藍,異能
224,奇幻,皓月奇譚,汜羽荃,異能
226,奇幻,克蘇魯的黎明,佐渡遼歌,異能
252,人文科普,?誅神誅?,?愛神愛?,異能
283,奇幻,轉生到異世界繼續當奸商,風之使者,異能
291,校園愛情,《殊途》,薩佐,異能
297,奇幻,新人教官的日常,敘嵐,異能
321,奇幻,守護神的啟示,吹雪,異能
324,奇幻,王之后冠-番外,悅陽,異能
333,奇幻,創始之劫,一葉障目,異能
373,科幻,再不打籃球世界就要毀滅了,SadoKokoro,異能
394,人文科普,神?,葛亦民,異能
399,古代愛情,玨定真心愛著妳,星彩蝶妃,異能
415,科幻,夜影傳,藍夜,異能
425,奇幻,輪迴夢境,佐佐。,異能
435,其它,【Artemis Mondo：LOKI<狩神天下•逆神>】,Scaryn,異能
448,其它,十二肖魂,Friend,異能
453,其它,哈利波特同人：Salvation 救贖,陳螞蟻,異能
464,奇幻,彼此的幸福,水無月雨,異能
465,百合,創始之境,老娘,異能
467,武俠仙俠,[氣度創作小說] [武學系列] [貳] 武學淵源,氣度,異能
468,奇幻,凡間神使,星羽,異能
530,奇幻,遲到百年的勇者,墨硯,異能
540,同人,閃電十一人《赤血少女》,水無月雨,異能
541,玄幻,元素大陸:黑暗與雷鳴,想寫寫不出來的小山豬,異能
86,奇幻,王之后冠,悅陽,異國
170,科幻,遠古的大地之母,月殼表面,異國
222,溫馨勵志/成長療癒,中國軍旅不倫戀,Lu Mei,異國
233,奇幻,永恆之血(二) - 真相(The Truth),TING,異國
301,都市,墨龍 Dark Dragon (改),墨焰凜,異國
305,都市,囚困,花?miyu,異國
324,奇幻,王之后冠-番外,悅陽,異國
338,奇幻,尋找幸福要在穿越後,覓福,異國
354,奇幻,邪惡戰勝正義,Weizhe,異國
359,生活風格,逃,小烏,異國
363,科幻,星??制?1：?邦??,芒果道?,異國
366,奇幻,開棺驗屍《第一卷—成為提刑官》,非賢君子,異國
394,人文科普,神?,葛亦民,異國
400,歷史,夢演春秋,平易年?,異國
408,耽美,BL短篇作品集,米利藍亞,異國
463,古代愛情,藤華遺抄,toilet,異國
481,奇幻,《永恆》,蝶櫻,異國
548,武俠仙俠,鶻鷹搏九霄,颯沓,異國
2,百合,妳是我眼底的專注,什染,喜劇
13,同人,幻想偵探社,阿槍,喜劇
14,玄幻,重煉傳說,阿暖,喜劇
36,同人,【HP】慢半拍的預言家小姐,桑桑,喜劇
43,同人,【HP】Mrs. Potter,沫,喜劇
46,都會愛情,愛的陷阱,愛蔓,喜劇
59,心靈養生,垃圾同學會,方愚,喜劇
68,耽美,【BL】 狼寵物,日下影,喜劇
78,影視,我不是喜劇之王,時空背包客,喜劇
85,校園愛情,《男神，你等等》,米琳,喜劇
112,百合,【GL長篇】《與妳共飲的青春》,武佳栩,喜劇
129,羅曼史,親愛的，請妳在乎一下,君靈鈴,喜劇
138,校園愛情,月色與雪色,薛九,喜劇
169,校園愛情,倒追男神的六大步驟（原名：明天見）,諭魚,喜劇
180,同人,閃十一 阿瑞斯 皇帝與死神,緋月,喜劇
186,同人,【暗殺教室同人】明月,妄隅,喜劇
188,百合,青春,森璟,喜劇
209,校園愛情,借來的學長,桌川川（何奈）,喜劇
210,都會愛情,摽梅之年,新茶 LJNT,喜劇
219,百合,絕代風采,老娘,喜劇
231,羅曼史,非你不可,君靈鈴,喜劇
237,玄幻,月下籤,不折花,喜劇
274,都會愛情,愛，再為你勇敢一次,雨恩,喜劇
311,百合,?流作家俏警花,?坡,喜劇
320,校園愛情,我穿?了自己?的小?里,尤子今,喜劇
337,百合,夏堇與巫女,田子犬,喜劇
342,都會愛情,承認吧，就是喜歡,任苒,喜劇
347,網遊,《徐徐誘之》,朝覓覓,喜劇
352,校園愛情,扉聲之鑰·天籟心弦(夢想篇) Follow Your Dreams·Voice,安瑪.蜜柑,喜劇
369,武俠仙俠,天地獨寵,三月雪,喜劇
371,百合,對我緊追不捨的前女友,白薔薇,喜劇
383,校園愛情,好好說再見,微光,喜劇
384,百合,麟心有千千婕（GL）,鞠飲,喜劇
393,校園愛情,微笑晚成,莫默,喜劇
399,古代愛情,玨定真心愛著妳,星彩蝶妃,喜劇
408,耽美,BL短篇作品集,米利藍亞,喜劇
457,玄幻,必修牽線實習課,隨楓,喜劇
458,玄幻,我的上司不是人,月兒彎,喜劇
465,百合,創始之境,老娘,喜劇
471,校園愛情,月亮的背面是溫柔,一勺,喜劇
482,羅曼史,重生之我和妳有個約定,蘋果派,喜劇
494,校園愛情,噓！那句話不能說出口：單戀的繼續犯,接近無限透明的藍,喜劇
499,奇幻,胡竹人的短篇故事集,胡竹人,喜劇
505,耽美,調教狂犬需揉捏愛撫,傻白,喜劇
7,都會愛情,夢,黑曼,悲劇
27,驚悚推理,受害者的嘆息,逍墨,悲劇
33,百合,囚徒(GL),紫起司,悲劇
48,校園愛情,那是她九年的祕密,天向,悲劇
72,科幻,落塵,墨中曦,悲劇
99,古代愛情,垣情未了,陳襄,悲劇
168,校園愛情,特別的那個我,邕滑滑,悲劇
179,奇幻,我的契約死神,覃子,悲劇
190,都會愛情,《隱藏》,月落,悲劇
191,溫馨勵志/成長療癒,《足印》,月落,悲劇
214,奇幻,寂寞國的影子：消滅ＯＯ的陰陽術對決,接近無限透明的藍,悲劇
241,耽美,無愛之人,露露小魚小麻雀,悲劇
264,歷史,陶庵十賦,傅正玲,悲劇
268,驚悚推理,窺,月雨海魅,悲劇
276,都市,坏蛋叔叔求放?,冰?色大西瓜,悲劇
301,都市,墨龍 Dark Dragon (改),墨焰凜,悲劇
339,生活風格,憂鬱日記,測試中,悲劇
340,羅曼史,圓缺,瑜瓔,悲劇
344,生活風格,我明白了什麼叫幻聽了,緋村劍心,悲劇
370,耽美,【聽風者】,藤山紫,悲劇
400,歷史,夢演春秋,平易年?,悲劇
427,驚悚推理,心若向陽,澪Ling,悲劇
460,古代愛情,朝朝暮暮淚相思,HMY,悲劇
462,校園愛情,在灰燼中擁抱你,接近無限透明的藍,悲劇
484,耽美,DSss,金沙排骨,悲劇
486,百合,一見鍾情,幼羽,悲劇
547,都會愛情,一天,談卿(TAN—QING),悲劇
19,奇幻,《心靈神衛使》第一卷 精靈樹的奇蹟-上弦月,海空,搞笑
24,都會愛情,替星光送你一封匿名信,璨熹,搞笑
32,校園愛情,內褲遺落的星期天,冰雪翎,搞笑
38,奇幻,【Hololive同人】虛擬公會才不清楚,憑軒遙望,搞笑
53,奇幻,開頭打倒最後邪神,茶魚味噌,搞笑
59,心靈養生,垃圾同學會,方愚,搞笑
62,幽默/諷喻,花色少年,青色田螺,搞笑
73,古代愛情,師尊，師姐又來了！,小彥子飛走啦∼,搞笑
78,影視,我不是喜劇之王,時空背包客,搞笑
130,網遊,【手遊】傳說中的白月光,香草 vanilla,搞笑
155,都會愛情,月下人心（後篇）,江乙呈,搞笑
163,校園愛情,問題美少女盡在我身邊,冰雪翎,搞笑
185,同人,【咒術同人】未知,妄隅,搞笑
187,歷史,無雙立志傳,大野桃子,搞笑
188,百合,青春,森璟,搞笑
193,都會愛情,甦醒之愛,小小雪,搞笑
209,校園愛情,借來的學長,桌川川（何奈）,搞笑
219,百合,絕代風采,老娘,搞笑
230,奇幻,地球戰隊,BK,搞笑
237,玄幻,月下籤,不折花,搞笑
269,其它,笨蛋妹控的戀愛喜劇,天羽黑月,搞笑
285,百合,道德感告訴我GL,福恩,搞笑
306,同人,論平靜生活什麼時候才會來到,問號云,搞笑
320,校園愛情,我穿?了自己?的小?里,尤子今,搞笑
416,耽美,鯊進你心,錢仔飛了飛,搞笑
424,同人,[咒迴同人〕當五條悟有女兒,菜蟲在啃高麗菜,搞笑
426,同人,波西•傑克森&混血營英雄&太陽神試煉 同人,甜味辛香料,搞笑
442,同人,【我英】英雄,夜羽凜,搞笑
477,驚悚推理,死神兄弟,鑷子,搞笑
501,藝術設計,戀愛中的人,梔荼°,搞笑
507,耽美,【BL】謀士對呆瓜的挑戰書,瀨木葉子,搞笑
510,校園愛情,《時光總是很想你》,佐緒,搞笑
512,耽美,在校園超渡朋友……的心魔,辰海,搞笑
516,玄幻,打神,龍太子,搞笑
517,玄幻,廢柴殺手,佛系貓,搞笑
520,古代愛情,奼紫嫣紅落盡時,黑桃老么,搞笑
544,校園愛情,學長，我可是男公關！,樹橪Amber,搞笑
550,奇幻,劃破宿命之刃,八雲夜,搞笑
4,百合,愛，瘋了(下部),清風絮語,暗黑
17,武俠仙俠,封神修真,聖堂肥痞,暗黑
18,奇幻,溫室雛鳥,風說,暗黑
30,歷史,情：三國,倚天筆出,暗黑
33,百合,囚徒(GL),紫起司,暗黑
34,耽美,《依存症戒斷》,近別,暗黑
35,百合,角落草。陽光,東 風水,暗黑
51,同人,【暗殺教室】資本家與鈔能力,畢業君,暗黑
76,驚悚推理,從死神手中逃離兩次的女孩,接近無限透明的藍,暗黑
84,校園愛情,遺忘在那年夏季的星海,璨熹,暗黑
92,百合,以吻噤聲,東 風水,暗黑
104,耽美,灰色的謊／防衛機制,名江,暗黑
116,都會愛情,涼心夏絮,肆夕,暗黑
125,奇幻,光?照到你,?毛,暗黑
126,其它,小蛇新詩集,小蛇hebi,暗黑
134,玄幻,你的誓言，我的謊言,羅都,暗黑
141,幽默/諷喻,圈養人,蘇忠,暗黑
144,同人,【名偵探柯南】我只是想安靜的養老,畢業君,暗黑
157,校園愛情,在愛裡燃燒殆盡的我們,米兔,暗黑
165,耽美,《我厭世關你屁事》,相對之下,暗黑
177,奇幻,命殞殘夢,月洝諾,暗黑
200,其它,對與錯，已經不重要了,來自加油站的小說家,暗黑
216,恐怖靈異,[懸疑冒險]巴別塔計劃,明光,暗黑
254,都市,遇上強暴這件事,栗子地瓜,暗黑
268,驚悚推理,窺,月雨海魅,暗黑
272,都會愛情,濁,丁凌凜,暗黑
305,都市,囚困,花?miyu,暗黑
336,武俠仙俠,屍滿江山儷人行:第一部—火燒藥人谷,冰野玄,暗黑
343,奇幻,女孩的童話,晴羽,暗黑
344,生活風格,我明白了什麼叫幻聽了,緋村劍心,暗黑
353,奇幻,《被善意&惡意包裹的新世界》 異世界輕小說穿越類型作品,dinosaur,暗黑
415,科幻,夜影傳,藍夜,暗黑
427,驚悚推理,心若向陽,澪Ling,暗黑
439,人文科普,議論,一角沏,暗黑
443,百合,妳造就的謊,落日焰,暗黑
445,奇幻,數值世界,CG,暗黑
454,其它,不正常的平行世界,幸佑 YUko,暗黑
473,都市,殺手學院,李安心,暗黑
479,驚悚推理,贖罪迷宮,莎拉,暗黑
484,耽美,DSss,金沙排骨,暗黑
486,百合,一見鍾情,幼羽,暗黑
26,藝術設計,隨筆。繪 & 委託開張中,飛 Fly,節操
35,百合,角落草。陽光,東 風水,節操
92,百合,以吻噤聲,東 風水,節操
261,都會愛情,hi女人妳是誰,阿蒙西西林,節操
518,百合,【GL】百合短篇小說集,黎胖,節操
522,百合,海蝸牛和貓葡萄（GL）,黎胖,節操
7,都會愛情,夢,黑曼,輕小說
13,同人,幻想偵探社,阿槍,輕小說
14,玄幻,重煉傳說,阿暖,輕小說
19,奇幻,《心靈神衛使》第一卷 精靈樹的奇蹟-上弦月,海空,輕小說
27,驚悚推理,受害者的嘆息,逍墨,輕小說
32,校園愛情,內褲遺落的星期天,冰雪翎,輕小說
37,其它,異界學園,FourTeen,輕小說
39,武俠仙俠,仙王的日常生活 第三季 改編同人傳,幻影,輕小說
45,同人,名偵探柯南  黑色旅途,望夕雨,輕小說
47,軍事戰爭/災難冒險,參謀本部的異世界作戰紀錄,上榆,輕小說
53,奇幻,開頭打倒最後邪神,茶魚味噌,輕小說
54,都會愛情,最佳幻想,?毛,輕小說
58,漫畫,女兒們,方愚,輕小說
64,生活風格,那天夜裡我思念著告訴我宇宙真相的妳,DYN,輕小說
65,羅曼史,夏?春光/夏問春光,海?汪,輕小說
66,傳記/文學史,我家姑爺不進門,于吝,輕小說
67,奇幻,以世界為煙花，許你一場盛大的告白,無聊種子,輕小說
70,奇幻,問題之神,闇夜星河,輕小說
71,同人,綜漫之開拓者,摘星杓,輕小說
107,科幻,時返計畫：任務一,洋蔥飯糰,輕小說
125,奇幻,光?照到你,?毛,輕小說
135,恐怖靈異,惡魔之血,千夜繁星,輕小說
137,耽美,星辰花　外篇　　失憶日後談,亞米珞,輕小說
141,幽默/諷喻,圈養人,蘇忠,輕小說
148,奇幻,零能力繼承人(新版）,瑤光,輕小說
153,網遊,【網遊】你不是你，妳不是妳,清歡,輕小說
162,同人,【彩雲國物語同人】紫微,筱芷,輕小說
163,校園愛情,問題美少女盡在我身邊,冰雪翎,輕小說
168,校園愛情,特別的那個我,邕滑滑,輕小說
176,奇幻,怪物之死,琥珀,輕小說
180,同人,閃十一 阿瑞斯 皇帝與死神,緋月,輕小說
190,都會愛情,《隱藏》,月落,輕小說
192,羅曼史,如果的但是如果,嬋嬋,輕小說
193,都會愛情,甦醒之愛,小小雪,輕小說
205,奇幻,歡迎蒞臨，德福事務所！,藍凌羽,輕小說
215,科幻,救贖者-預選之女,Dream Chaser,輕小說
216,恐怖靈異,[懸疑冒險]巴別塔計劃,明光,輕小說
225,校園愛情,《我的直屬學長，你好呀》,慕槿,輕小說
226,奇幻,克蘇魯的黎明,佐渡遼歌,輕小說
230,奇幻,地球戰隊,BK,輕小說
235,奇幻,?仙轉生(異界的混沌),悠幻辰,輕小說
242,奇幻,魔法高校生,冰雪翎,輕小說
250,玄幻,穿越之生與死遊戲,幽夜,輕小說
255,都市,無形波瀾,Udo,輕小說
256,奇幻,穿越成史帝夫的我今天依然精神滿滿,易衍,輕小說
259,武俠仙俠,陰陽雙劍,醉竹苑,輕小說
260,同人,《暗殺教室》-色彩斑斕,白星,輕小說
280,其它,神話傳說,雪月,輕小說
282,奇幻,隱形守護者,白天雨,輕小說
283,奇幻,轉生到異世界繼續當奸商,風之使者,輕小說
288,都會愛情,因為遇見你,竹子豆花,輕小說
297,奇幻,新人教官的日常,敘嵐,輕小說
299,奇幻,月球噪音,墨綠衣服,輕小說
301,都市,墨龍 Dark Dragon (改),墨焰凜,輕小說
306,同人,論平靜生活什麼時候才會來到,問號云,輕小說
313,校園愛情,四季戀之歌,Emily,輕小說
314,溫馨勵志/成長療癒,雲朵綻,蓓莓草,輕小說
318,奇幻,我成立隱藏於暗影中的最強軍團,天翔,輕小說
321,奇幻,守護神的啟示,吹雪,輕小說
326,校園愛情,哪朵玫瑰不帶刺,信智,輕小說
329,武俠仙俠,反派的求生路程,nightrain,輕小說
335,奇幻,非人管理所(修改版),茶葉梗(棉花喵),輕小說
337,百合,夏堇與巫女,田子犬,輕小說
343,奇幻,女孩的童話,晴羽,輕小說
345,百合,安卓利亞,泡福,輕小說
351,玄幻,竹州-首卷,?清,輕小說
352,校園愛情,扉聲之鑰·天籟心弦(夢想篇) Follow Your Dreams·Voice,安瑪.蜜柑,輕小說
353,奇幻,《被善意&惡意包裹的新世界》 異世界輕小說穿越類型作品,dinosaur,輕小說
357,商業理財,新心談史,Bob Night,輕小說
373,科幻,再不打籃球世界就要毀滅了,SadoKokoro,輕小說
374,同人,閃電十一人-淺空,沁雪,輕小說
381,都會愛情,伊甸的戀愛,tama,輕小說
389,其它,未知,風無,輕小說
394,人文科普,神?,葛亦民,輕小說
400,歷史,夢演春秋,平易年?,輕小說
401,奇幻,靈妖世界,妙指禪,輕小說
403,奇幻,見習騎士異聞譚?,冰?采,輕小說
415,科幻,夜影傳,藍夜,輕小說
420,驚悚推理,異瞳,寒熙,輕小說
428,奇幻,【童話幻境系列之五】軟萌公主不軟萌,蘇妃雅,輕小說
435,其它,【Artemis Mondo：LOKI<狩神天下•逆神>】,Scaryn,輕小說
445,奇幻,數值世界,CG,輕小說
449,武俠仙俠,陰陽先生,墨琴,輕小說
464,奇幻,彼此的幸福,水無月雨,輕小說
466,奇幻,轉生魔女的異世界生存手則,陵夜,輕小說
469,奇幻,守護星之背叛,木靈,輕小說
477,驚悚推理,死神兄弟,鑷子,輕小說
479,驚悚推理,贖罪迷宮,莎拉,輕小說
488,校園愛情,三年,氧.O?.,輕小說
513,百合,【GL】汽水美乃滋,黎胖,輕小說
518,百合,【GL】百合短篇小說集,黎胖,輕小說
527,奇幻,利斯:蟲人記事,慵懶西米露,輕小說
535,校園愛情,我心中的那道流星,琉星,輕小說
540,同人,閃電十一人《赤血少女》,水無月雨,輕小說
550,奇幻,劃破宿命之刃,八雲夜,輕小說
13,同人,幻想偵探社,阿槍,輕鬆
14,玄幻,重煉傳說,阿暖,輕鬆
21,古代愛情,遇見。日月合璧,白桵,輕鬆
22,藝術設計,憶曙,凌風,輕鬆
24,都會愛情,替星光送你一封匿名信,璨熹,輕鬆
36,同人,【HP】慢半拍的預言家小姐,桑桑,輕鬆
38,奇幻,【Hololive同人】虛擬公會才不清楚,憑軒遙望,輕鬆
51,同人,【暗殺教室】資本家與鈔能力,畢業君,輕鬆
52,校園愛情,一起，向陽走,Suzi蘇西,輕鬆
59,心靈養生,垃圾同學會,方愚,輕鬆
62,幽默/諷喻,花色少年,青色田螺,輕鬆
63,生活風格,塔羅宇宙,RICH,輕鬆
77,其它,藏壽司白帽的田野調查,文森魚,輕鬆
81,校園愛情,如果沒有與你相遇,浦島次郎,輕鬆
84,校園愛情,遺忘在那年夏季的星海,璨熹,輕鬆
85,校園愛情,《男神，你等等》,米琳,輕鬆
88,都會愛情,微醺藏紅,坐著,輕鬆
93,耽美,君似朝陽,知岸,輕鬆
95,耽美,武將愛神出任務,咩嚕羊,輕鬆
100,古代愛情,戰神三世追妻,江水,輕鬆
102,耽美,微風徐徐（BL）,雨晞,輕鬆
107,科幻,時返計畫：任務一,洋蔥飯糰,輕鬆
124,百合,《花開不慢》（GL）,刃心,輕鬆
129,羅曼史,親愛的，請妳在乎一下,君靈鈴,輕鬆
130,網遊,【手遊】傳說中的白月光,香草 vanilla,輕鬆
132,都會愛情,等你，轉眼瞬間,雲風,輕鬆
138,校園愛情,月色與雪色,薛九,輕鬆
141,幽默/諷喻,圈養人,蘇忠,輕鬆
144,同人,【名偵探柯南】我只是想安靜的養老,畢業君,輕鬆
149,耽美,電競方程式,季殃,輕鬆
150,藝術設計,於月下揮灑畫筆,龘玥,輕鬆
153,網遊,【網遊】你不是你，妳不是妳,清歡,輕鬆
156,耽美,今天你喜歡上我了嗎？,林落,輕鬆
159,校園愛情,花開滅之時,蒔,輕鬆
161,奇幻,來世，還要再當妳的貓,天兵,輕鬆
166,同人,【名偵探柯南】光與闇的交錯,似笑非笑,輕鬆
167,校園愛情,聊天紀錄,嵐蘭,輕鬆
170,科幻,遠古的大地之母,月殼表面,輕鬆
174,都會愛情,女配角的逆襲大作戰,米宣兒,輕鬆
175,其它,愛情的路途,落花雨,輕鬆
182,奇幻,異．神之子 劇情番外,二日夾,輕鬆
186,同人,【暗殺教室同人】明月,妄隅,輕鬆
187,歷史,無雙立志傳,大野桃子,輕鬆
188,百合,青春,森璟,輕鬆
189,藝術設計,《夜間飛行 Design》,崠好,輕鬆
196,校園愛情,從今天起你是我的前男友,奚日青,輕鬆
205,奇幻,歡迎蒞臨，德福事務所！,藍凌羽,輕鬆
219,百合,絕代風采,老娘,輕鬆
227,耽美,這年頭不上tag不標結局不能當偵探,Sanocon,輕鬆
229,耽美,[原創1] 小警員報恩記,moonlaker,輕鬆
230,奇幻,地球戰隊,BK,輕鬆
237,玄幻,月下籤,不折花,輕鬆
240,科幻,神器-神泣,灰色貓,輕鬆
244,耽美,男神成了我的小三,草草泥,輕鬆
246,同人,當我穿進排球世界圍觀cp,霜晴,輕鬆
255,都市,無形波瀾,Udo,輕鬆
256,奇幻,穿越成史帝夫的我今天依然精神滿滿,易衍,輕鬆
257,都市,緣來自滑冰,皓月夜汐,輕鬆
274,都會愛情,愛，再為你勇敢一次,雨恩,輕鬆
275,其它,隨筆,于音/凜夜,輕鬆
282,奇幻,隱形守護者,白天雨,輕鬆
293,同人,亮光同人,霜晴,輕鬆
295,生活風格,我想要日常可可愛愛,凝妤,輕鬆
311,百合,?流作家俏警花,?坡,輕鬆
335,奇幻,非人管理所(修改版),茶葉梗(棉花喵),輕鬆
347,網遊,《徐徐誘之》,朝覓覓,輕鬆
350,傳記/文學史,[邀稿]POPO作家們的創作日常習慣分享,小葉白筆,輕鬆
352,校園愛情,扉聲之鑰·天籟心弦(夢想篇) Follow Your Dreams·Voice,安瑪.蜜柑,輕鬆
359,生活風格,逃,小烏,輕鬆
367,生活風格,布奶日記,酸酸,輕鬆
378,生活風格,故事開端源於曲目,六六水汀,輕鬆
382,都會愛情,知足常?（1v1）,??大?付,輕鬆
384,百合,麟心有千千婕（GL）,鞠飲,輕鬆
388,古代愛情,重生之傾城天下,郁小瑤,輕鬆
390,校園愛情,她有個奇妙同學,安憂,輕鬆
406,耽美,以心相試,澤三,輕鬆
411,百合,昕昕向融,Sarkez,輕鬆
416,耽美,鯊進你心,錢仔飛了飛,輕鬆
421,都會愛情,總裁不是人,小菲,輕鬆
422,藝術設計,光之所在－design,摸西摸西,輕鬆
426,同人,波西•傑克森&混血營英雄&太陽神試煉 同人,甜味辛香料,輕鬆
428,奇幻,【童話幻境系列之五】軟萌公主不軟萌,蘇妃雅,輕鬆
436,生活風格,子緣食記,馮子緣,輕鬆
451,同人,【暗殺教室】橙色天空下的願望,楓櫻,輕鬆
452,同人,【銀魂】銀魂短篇,小雪夜,輕鬆
455,同人,[妖精尾巴 同人]月光之神,霜羽,輕鬆
458,玄幻,我的上司不是人,月兒彎,輕鬆
461,耽美,??情愿但不??,不伐,輕鬆
465,百合,創始之境,老娘,輕鬆
478,都市,同心,Aseer,輕鬆
497,同人,〔特傳x第二人生〕鹹魚的守世界學習日常,令羽十,輕鬆
499,奇幻,胡竹人的短篇故事集,胡竹人,輕鬆
502,都會愛情,社畜叫了上?服?的男妓第二天就被封控了,一只西?,輕鬆
503,藝術設計,Dream,芯虹,輕鬆
505,耽美,調教狂犬需揉捏愛撫,傻白,輕鬆
509,溫馨勵志/成長療癒,Wait for sunrise~,曉空,輕鬆
515,古代愛情,穿越  傾心  相約,榆莙,輕鬆
519,奇幻,?????????????????????????????????????????????人??偶??遊??戲,騎嵐玥,輕鬆
537,藝術設計,無心的人,蝦蝦,輕鬆
541,玄幻,元素大陸:黑暗與雷鳴,想寫寫不出來的小山豬,輕鬆
544,校園愛情,學長，我可是男公關！,樹橪Amber,輕鬆
549,生活風格,大寶鑑,豆漿,輕鬆
1,耽美,夢迴忘醉,藍梅西莎,戰鬥
17,武俠仙俠,封神修真,聖堂肥痞,戰鬥
19,奇幻,《心靈神衛使》第一卷 精靈樹的奇蹟-上弦月,海空,戰鬥
30,歷史,情：三國,倚天筆出,戰鬥
37,其它,異界學園,FourTeen,戰鬥
39,武俠仙俠,仙王的日常生活 第三季 改編同人傳,幻影,戰鬥
47,軍事戰爭/災難冒險,參謀本部的異世界作戰紀錄,上榆,戰鬥
53,奇幻,開頭打倒最後邪神,茶魚味噌,戰鬥
55,奇幻,莫比烏斯的贈物,笙鳶,戰鬥
61,奇幻,眾道之主,小無,戰鬥
71,同人,綜漫之開拓者,摘星杓,戰鬥
72,科幻,落塵,墨中曦,戰鬥
73,古代愛情,師尊，師姐又來了！,小彥子飛走啦∼,戰鬥
90,古代愛情,長安曲,凌曉潔,戰鬥
108,耽美,惡鬼之心,月下醉鬼,戰鬥
121,同人,閃GO-情感,初初,戰鬥
131,武俠仙俠,畫槌錄,草士,戰鬥
135,恐怖靈異,惡魔之血,千夜繁星,戰鬥
142,同人,火影之木葉女神,小蟲子,戰鬥
143,玄幻,輪迴劫,清絃子,戰鬥
148,奇幻,零能力繼承人(新版）,瑤光,戰鬥
151,奇幻,傭兵公會,星,戰鬥
154,同人,【獵人穿越】幻月傳,嘎苦露,戰鬥
184,同人,【鬼滅同人】六出飛花,妄隅,戰鬥
185,同人,【咒術同人】未知,妄隅,戰鬥
187,歷史,無雙立志傳,大野桃子,戰鬥
189,藝術設計,《夜間飛行 Design》,崠好,戰鬥
200,其它,對與錯，已經不重要了,來自加油站的小說家,戰鬥
205,奇幻,歡迎蒞臨，德福事務所！,藍凌羽,戰鬥
206,同人,變形金剛穿越文---失落之鷹,神劍,戰鬥
207,商業理財,我穿越到異世界找妹妹結果推翻了王朝第二劫──無勇,火火,戰鬥
222,溫馨勵志/成長療癒,中國軍旅不倫戀,Lu Mei,戰鬥
224,奇幻,皓月奇譚,汜羽荃,戰鬥
226,奇幻,克蘇魯的黎明,佐渡遼歌,戰鬥
230,奇幻,地球戰隊,BK,戰鬥
235,奇幻,?仙轉生(異界的混沌),悠幻辰,戰鬥
238,科幻,星際先驅號,蒂娜,戰鬥
242,奇幻,魔法高校生,冰雪翎,戰鬥
251,奇幻,末後玩家,辰勾,戰鬥
252,人文科普,?誅神誅?,?愛神愛?,戰鬥
253,玄幻,殺手，別怕,流星2世,戰鬥
259,武俠仙俠,陰陽雙劍,醉竹苑,戰鬥
269,其它,笨蛋妹控的戀愛喜劇,天羽黑月,戰鬥
271,武俠仙俠,[請協助翻譯]伏魔傳-108魔星與安史之亂,城作也,戰鬥
283,奇幻,轉生到異世界繼續當奸商,風之使者,戰鬥
297,奇幻,新人教官的日常,敘嵐,戰鬥
318,奇幻,我成立隱藏於暗影中的最強軍團,天翔,戰鬥
321,奇幻,守護神的啟示,吹雪,戰鬥
333,奇幻,創始之劫,一葉障目,戰鬥
336,武俠仙俠,屍滿江山儷人行:第一部—火燒藥人谷,冰野玄,戰鬥
338,奇幻,尋找幸福要在穿越後,覓福,戰鬥
354,奇幻,邪惡戰勝正義,Weizhe,戰鬥
355,同人,境界觸發者-同盟,初初,戰鬥
363,科幻,星??制?1：?邦??,芒果道?,戰鬥
364,玄幻,斷輪 第一篇 奪七曜,憶宇,戰鬥
365,奇幻,七天三部曲,RICH,戰鬥
373,科幻,再不打籃球世界就要毀滅了,SadoKokoro,戰鬥
379,其它,【暗殺教室1】,”千緒君‘’,戰鬥
395,同人,OVERLORD白銀的女武神,白鴉,戰鬥
400,歷史,夢演春秋,平易年?,戰鬥
401,奇幻,靈妖世界,妙指禪,戰鬥
403,奇幻,見習騎士異聞譚?,冰?采,戰鬥
423,同人,〔家教同人/山本BG〕雨中的彩虹,菜蟲在啃高麗菜,戰鬥
425,奇幻,輪迴夢境,佐佐。,戰鬥
435,其它,【Artemis Mondo：LOKI<狩神天下•逆神>】,Scaryn,戰鬥
444,玄幻,穿行者尼爾,意人子,戰鬥
453,其它,哈利波特同人：Salvation 救贖,陳螞蟻,戰鬥
455,同人,[妖精尾巴 同人]月光之神,霜羽,戰鬥
466,奇幻,轉生魔女的異世界生存手則,陵夜,戰鬥
467,武俠仙俠,[氣度創作小說] [武學系列] [貳] 武學淵源,氣度,戰鬥
469,奇幻,守護星之背叛,木靈,戰鬥
473,都市,殺手學院,李安心,戰鬥
479,驚悚推理,贖罪迷宮,莎拉,戰鬥
489,奇幻,轉生成為邪惡貴族的女兒,空想能手,戰鬥
493,奇幻,影盾魔使Ⅲ　　迄起，顯露漸趨。,羅瑟,戰鬥
514,軍事戰爭/災難冒險,末世AI,月兔,戰鬥
516,玄幻,打神,龍太子,戰鬥
527,奇幻,利斯:蟲人記事,慵懶西米露,戰鬥
529,古代愛情,以委託重獲新生,海市蜃樓,戰鬥
530,奇幻,遲到百年的勇者,墨硯,戰鬥
546,同人,Hololive 冒險故事,嘎逼,戰鬥
548,武俠仙俠,鶻鷹搏九霄,颯沓,戰鬥
550,奇幻,劃破宿命之刃,八雲夜,戰鬥
18,奇幻,溫室雛鳥,風說,療癒
20,藝術設計,某個冬日午後,玉如意,療癒
58,漫畫,女兒們,方愚,療癒
59,心靈養生,垃圾同學會,方愚,療癒
64,生活風格,那天夜裡我思念著告訴我宇宙真相的妳,DYN,療癒
65,羅曼史,夏?春光/夏問春光,海?汪,療癒
69,生活風格,(北市大)中英寫作線上練功房活動[個人優良作文集],小葉白筆,療癒
94,校園愛情,中學生生活告白,Aias,療癒
97,影視,妞妞攻略,木目,療癒
103,藝術設計,universe,玖淒,療癒
105,都會愛情,久違的蠢蠢欲動,千夢,療癒
109,生活風格,魔術方塊自主學習/教學誌(初學者學習資源指引/入門到進階),小葉白筆,療癒
111,校園愛情,只想喜歡你,漠星,療癒
113,藝術設計,冬醞茶曦,點點茶,療癒
115,生活風格,委託部??,點點茶,療癒
120,校園愛情,後繼者,云韻,療癒
124,百合,《花開不慢》（GL）,刃心,療癒
126,其它,小蛇新詩集,小蛇hebi,療癒
141,幽默/諷喻,圈養人,蘇忠,療癒
161,奇幻,來世，還要再當妳的貓,天兵,療癒
167,校園愛情,聊天紀錄,嵐蘭,療癒
194,校園愛情,餘夏的光,Zhen,療癒
198,藝術設計,Finish,無棠,療癒
199,都會愛情,《永夜為恆星守候》,望結,療癒
206,同人,變形金剛穿越文---失落之鷹,神劍,療癒
223,都會愛情,剛好喜歡你,柚昕,療癒
243,校園愛情,《如果我們再見》,裴甯,療癒
264,歷史,陶庵十賦,傅正玲,療癒
270,文藝評論,[繪本]17項SDGs主題34本繪本推薦：〈繪本、博物館、紀錄片與行動〉計畫 Part1,小葉白筆,療癒
281,藝術設計,日日皆歡喜,米菇,療癒
289,耽美,魚落圈,阿立,療癒
295,生活風格,我想要日常可可愛愛,凝妤,療癒
303,傳記/文學史,人生所經歷的事情就足以構成一本散文集!,水木沐,療癒
311,百合,?流作家俏警花,?坡,療癒
314,溫馨勵志/成長療癒,雲朵綻,蓓莓草,療癒
319,藝術設計,日曬,Quetzal,療癒
328,心靈養生,陪你去賞三日月後的黎明,在眼淚裡游泳的魚,療癒
339,生活風格,憂鬱日記,測試中,療癒
350,傳記/文學史,[邀稿]POPO作家們的創作日常習慣分享,小葉白筆,療癒
355,同人,境界觸發者-同盟,初初,療癒
372,都會愛情,寧夏星辰,林絡緹,療癒
375,校園愛情,滄海遺珠,顧語墨Guyumo,療癒
376,其它,?拾?,貓曈,療癒
385,耽美,超莓好時光,央王日月,療癒
423,同人,〔家教同人/山本BG〕雨中的彩虹,菜蟲在啃高麗菜,療癒
424,同人,[咒迴同人〕當五條悟有女兒,菜蟲在啃高麗菜,療癒
429,校園愛情,壁虎小姐,開心果子,療癒
446,都會愛情,落雨向薇光,攸青,療癒
472,奇幻,魔法夢,木靈,療癒
492,耽美,昏等佳期,靈雅,療癒
496,百合,GL?婉春城,小酒不?酒,療癒
499,奇幻,胡竹人的短篇故事集,胡竹人,療癒
500,心靈養生,365天挑戰計畫：每天三件事,天海璁,療癒
502,都會愛情,社畜叫了上?服?的男妓第二天就被封控了,一只西?,療癒
503,藝術設計,Dream,芯虹,療癒
513,百合,【GL】汽水美乃滋,黎胖,療癒
534,生活風格,葉子的生活,戀楓,療癒
541,玄幻,元素大陸:黑暗與雷鳴,想寫寫不出來的小山豬,療癒
545,都會愛情,偏偏偏愛,貳貳,療癒
549,生活風格,大寶鑑,豆漿,療癒
2,百合,妳是我眼底的專注,什染,戀愛
6,古代愛情,晚風輕輕,王裘郡,戀愛
7,都會愛情,夢,黑曼,戀愛
9,都會愛情,?蝶,阿里里呀,戀愛
10,都會愛情,路邊的野薄荷,楓錚,戀愛
12,百合,《玩火》（GL）,琉璃,戀愛
15,百合,這一世，情深緣淺,?如初,戀愛
18,奇幻,溫室雛鳥,風說,戀愛
21,古代愛情,遇見。日月合璧,白桵,戀愛
24,都會愛情,替星光送你一封匿名信,璨熹,戀愛
25,百合,我們的那個年代(GL),開心果子,戀愛
29,校園愛情,寫下我與你的戀愛故事,米依,戀愛
35,百合,角落草。陽光,東 風水,戀愛
42,都會愛情,再次,逋,戀愛
43,同人,【HP】Mrs. Potter,沫,戀愛
44,耽美,夢舞荒野中,雨天之後,戀愛
46,都會愛情,愛的陷阱,愛蔓,戀愛
48,校園愛情,那是她九年的祕密,天向,戀愛
50,古代愛情,自言本是京城女,花笙,戀愛
52,校園愛情,一起，向陽走,Suzi蘇西,戀愛
56,校園愛情,她的孩子氣,敘娜,戀愛
57,同人,《火影．卡卡西同人—紅葉相思》,莫緹,戀愛
60,耽美,你我最終在一起的機率,Freecia,戀愛
73,古代愛情,師尊，師姐又來了！,小彥子飛走啦∼,戀愛
74,都會愛情,我們的約定,如夢初醒,戀愛
79,耽美,雙蜜雙甜,麻子,戀愛
82,都會愛情,我只對你有感覺,舟小雨,戀愛
84,校園愛情,遺忘在那年夏季的星海,璨熹,戀愛
87,同人,【排球少年】國王殿下要娶妃了,蒼靈,戀愛
88,都會愛情,微醺藏紅,坐著,戀愛
90,古代愛情,長安曲,凌曉潔,戀愛
91,校園愛情,飄雲不知驕陽處,夬夜,戀愛
92,百合,以吻噤聲,東 風水,戀愛
98,都會愛情,陌生關係,喬木,戀愛
102,耽美,微風徐徐（BL）,雨晞,戀愛
104,耽美,灰色的謊／防衛機制,名江,戀愛
105,都會愛情,久違的蠢蠢欲動,千夢,戀愛
110,都會愛情,原來陸先生他喜歡我,悄悄,戀愛
112,百合,【GL長篇】《與妳共飲的青春》,武佳栩,戀愛
114,同人,等待愛妳【Mikey/東卍/東京卍復仇者】,冬琚i魂】,戀愛
116,都會愛情,涼心夏絮,肆夕,戀愛
119,校園愛情,喜歡你的代號,Lena,戀愛
121,同人,閃GO-情感,初初,戀愛
122,羅曼史,親愛的，別來無恙,榆莙,戀愛
124,百合,《花開不慢》（GL）,刃心,戀愛
127,百合,撿隻小羊拎回家(GL),墨觴,戀愛
128,耽美,蘋果煙,雪鈅之獄,戀愛
129,羅曼史,親愛的，請妳在乎一下,君靈鈴,戀愛
139,都會愛情,夢，回憶的妳,BK,戀愛
146,校園愛情,微風的悸動,秦荼,戀愛
151,奇幻,傭兵公會,星,戀愛
152,校園愛情,科學實驗王同人-彼此,茄伊,戀愛
153,網遊,【網遊】你不是你，妳不是妳,清歡,戀愛
155,都會愛情,月下人心（後篇）,江乙呈,戀愛
158,校園愛情,惡女的解藥,南宮瑾夜,戀愛
159,校園愛情,花開滅之時,蒔,戀愛
161,奇幻,來世，還要再當妳的貓,天兵,戀愛
166,同人,【名偵探柯南】光與闇的交錯,似笑非笑,戀愛
167,校園愛情,聊天紀錄,嵐蘭,戀愛
169,校園愛情,倒追男神的六大步驟（原名：明天見）,諭魚,戀愛
171,校園愛情,科學實驗王同人-初戀,茄伊,戀愛
175,其它,愛情的路途,落花雨,戀愛
176,奇幻,怪物之死,琥珀,戀愛
193,都會愛情,甦醒之愛,小小雪,戀愛
194,校園愛情,餘夏的光,Zhen,戀愛
195,校園愛情,孟夏蔚然,宕,戀愛
199,都會愛情,《永夜為恆星守候》,望結,戀愛
203,百合,【ABO】穿越後，我對上司一見鍾情GL,一片小小的雪花,戀愛
209,校園愛情,借來的學長,桌川川（何奈）,戀愛
210,都會愛情,摽梅之年,新茶 LJNT,戀愛
211,百合,解剖師Anatomist (GL),福恩,戀愛
212,校園愛情,1823,淵阿,戀愛
213,都會愛情,錯位的愛情,一勺,戀愛
214,奇幻,寂寞國的影子：消滅ＯＯ的陰陽術對決,接近無限透明的藍,戀愛
215,科幻,救贖者-預選之女,Dream Chaser,戀愛
217,其它,束夢閣詩集,謝窺憐,戀愛
221,都會愛情,眉眼如初,無華,戀愛
222,溫馨勵志/成長療癒,中國軍旅不倫戀,Lu Mei,戀愛
224,奇幻,皓月奇譚,汜羽荃,戀愛
225,校園愛情,《我的直屬學長，你好呀》,慕槿,戀愛
228,百合,再次緊握妳的手(GL),墨觴,戀愛
229,耽美,[原創1] 小警員報恩記,moonlaker,戀愛
231,羅曼史,非你不可,君靈鈴,戀愛
234,校園愛情,失重後幸福,知筡,戀愛
236,奇幻,黑貓與德魯伊,常褢,戀愛
237,玄幻,月下籤,不折花,戀愛
238,科幻,星際先驅號,蒂娜,戀愛
241,耽美,無愛之人,露露小魚小麻雀,戀愛
243,校園愛情,《如果我們再見》,裴甯,戀愛
244,耽美,男神成了我的小三,草草泥,戀愛
248,其它,【記憶深處】Ｉ-太陽,司穎,戀愛
253,玄幻,殺手，別怕,流星2世,戀愛
256,奇幻,穿越成史帝夫的我今天依然精神滿滿,易衍,戀愛
261,都會愛情,hi女人妳是誰,阿蒙西西林,戀愛
265,都會愛情,我笑著講你，卻也哭著想你,草覓,戀愛
267,校園愛情,夏夜徐徐，浮光冬雪,冉陽,戀愛
269,其它,笨蛋妹控的戀愛喜劇,天羽黑月,戀愛
272,都會愛情,濁,丁凌凜,戀愛
274,都會愛情,愛，再為你勇敢一次,雨恩,戀愛
278,同人,東卍?月光 (別名：大家都想拐帶我),紫沫?,戀愛
287,校園愛情,《予你的第三個願望》,YC,戀愛
290,校園愛情,黏度最佳戀人,樂凡,戀愛
294,校園愛情,如魚得水,凵雨,戀愛
298,校園愛情,當夏荷綻放,摸西摸西,戀愛
307,溫馨勵志/成長療癒,動物戀愛諮詢,吐維,戀愛
310,百合,穿越之云与海GL,?坡,戀愛
313,校園愛情,四季戀之歌,Emily,戀愛
320,校園愛情,我穿?了自己?的小?里,尤子今,戀愛
323,古代愛情,我在第一個千禧年等你,若愚,戀愛
325,校園愛情,有你的每一夜,蕎奶,戀愛
326,校園愛情,哪朵玫瑰不帶刺,信智,戀愛
338,奇幻,尋找幸福要在穿越後,覓福,戀愛
341,百合,把全世界的溫暖都給她,kane.,戀愛
342,都會愛情,承認吧，就是喜歡,任苒,戀愛
346,奇幻,學長的鱗片（修稿中）,雪袖子,戀愛
347,網遊,《徐徐誘之》,朝覓覓,戀愛
355,同人,境界觸發者-同盟,初初,戀愛
360,耽美,【耽美】卿御良辰,妖靈,戀愛
361,同人,【HP】 春日之光與橘子樹,青蒼碧綠藍,戀愛
366,奇幻,開棺驗屍《第一卷—成為提刑官》,非賢君子,戀愛
369,武俠仙俠,天地獨寵,三月雪,戀愛
372,都會愛情,寧夏星辰,林絡緹,戀愛
379,其它,【暗殺教室1】,”千緒君‘’,戀愛
381,都會愛情,伊甸的戀愛,tama,戀愛
382,都會愛情,知足常?（1v1）,??大?付,戀愛
385,耽美,超莓好時光,央王日月,戀愛
388,古代愛情,重生之傾城天下,郁小瑤,戀愛
393,校園愛情,微笑晚成,莫默,戀愛
396,奇幻,某天穿越到惡役公主養成遊戲,本姑娘資質平平 / Shana.C,戀愛
399,古代愛情,玨定真心愛著妳,星彩蝶妃,戀愛
404,驚悚推理,邪紅的呼喚,月雨海魅,戀愛
406,耽美,以心相試,澤三,戀愛
410,校園愛情,愛情是我們能擁有的嗎？,佛系貓,戀愛
412,校園愛情,藏在心裡的喜歡,京凝,戀愛
413,校園愛情,咦的隨筆/咦的小短文,咦,戀愛
416,耽美,鯊進你心,錢仔飛了飛,戀愛
417,生活風格,唯一,舒玲,戀愛
419,校園愛情,浪花,沫,戀愛
423,同人,〔家教同人/山本BG〕雨中的彩虹,菜蟲在啃高麗菜,戀愛
428,奇幻,【童話幻境系列之五】軟萌公主不軟萌,蘇妃雅,戀愛
429,校園愛情,壁虎小姐,開心果子,戀愛
433,武俠仙俠,浮生似真醉晚林,不折花,戀愛
437,文藝評論,?玉,阿芙蓉,戀愛
440,校園愛情,疼愛,秦枝,戀愛
441,同人,【BLEACH】protect your own path,布丁,戀愛
443,百合,妳造就的謊,落日焰,戀愛
446,都會愛情,落雨向薇光,攸青,戀愛
456,校園愛情,時光裡那個你,承愛羽,戀愛
457,玄幻,必修牽線實習課,隨楓,戀愛
459,百合,光影天平,Flora.Kisaragi,戀愛
460,古代愛情,朝朝暮暮淚相思,HMY,戀愛
462,校園愛情,在灰燼中擁抱你,接近無限透明的藍,戀愛
463,古代愛情,藤華遺抄,toilet,戀愛
470,校園愛情,我的戀愛顧問,木靈,戀愛
471,校園愛情,月亮的背面是溫柔,一勺,戀愛
476,校園愛情,《把喜歡藏進樹洞裡》,沾零,戀愛
478,都市,同心,Aseer,戀愛
481,奇幻,《永恆》,蝶櫻,戀愛
484,耽美,DSss,金沙排骨,戀愛
492,耽美,昏等佳期,靈雅,戀愛
494,校園愛情,噓！那句話不能說出口：單戀的繼續犯,接近無限透明的藍,戀愛
496,百合,GL?婉春城,小酒不?酒,戀愛
501,藝術設計,戀愛中的人,梔荼°,戀愛
507,耽美,【BL】謀士對呆瓜的挑戰書,瀨木葉子,戀愛
510,校園愛情,《時光總是很想你》,佐緒,戀愛
515,古代愛情,穿越  傾心  相約,榆莙,戀愛
516,玄幻,打神,龍太子,戀愛
518,百合,【GL】百合短篇小說集,黎胖,戀愛
520,古代愛情,奼紫嫣紅落盡時,黑桃老么,戀愛
523,校園愛情,穿越是種懲罰,貓又全宗,戀愛
524,校園愛情,望北待返南,玖淒,戀愛
526,都會愛情,你的模樣,一勺,戀愛
528,校園愛情,我是女生耶,千翎,戀愛
529,古代愛情,以委託重獲新生,海市蜃樓,戀愛
535,校園愛情,我心中的那道流星,琉星,戀愛
539,古代愛情,武林學院,陳跡,戀愛
543,都會愛情,你理想中的他,小鳥姐姐,戀愛
544,校園愛情,學長，我可是男公關！,樹橪Amber,戀愛
545,都會愛情,偏偏偏愛,貳貳,戀愛
13,同人,幻想偵探社,阿槍,靈異神怪
44,耽美,夢舞荒野中,雨天之後,靈異神怪
73,古代愛情,師尊，師姐又來了！,小彥子飛走啦∼,靈異神怪
80,百合,厄比絲的眼[GL],三月的嫩草,靈異神怪
117,奇幻,彼岸物語,安逸經,靈異神怪
118,玄幻,文榆街的遺願相談所,東燁,靈異神怪
125,奇幻,光?照到你,?毛,靈異神怪
143,玄幻,輪迴劫,清絃子,靈異神怪
160,耽美,【BL】聽說我住得是凶宅,風靈草,靈異神怪
161,奇幻,來世，還要再當妳的貓,天兵,靈異神怪
179,奇幻,我的契約死神,覃子,靈異神怪
205,奇幻,歡迎蒞臨，德福事務所！,藍凌羽,靈異神怪
216,恐怖靈異,[懸疑冒險]巴別塔計劃,明光,靈異神怪
224,奇幻,皓月奇譚,汜羽荃,靈異神怪
236,奇幻,黑貓與德魯伊,常褢,靈異神怪
247,耽美,古木新花年年發,禪狐,靈異神怪
249,古代愛情,太子殿下不好當,墨子書,靈異神怪
252,人文科普,?誅神誅?,?愛神愛?,靈異神怪
253,玄幻,殺手，別怕,流星2世,靈異神怪
268,驚悚推理,窺,月雨海魅,靈異神怪
271,武俠仙俠,[請協助翻譯]伏魔傳-108魔星與安史之亂,城作也,靈異神怪
284,耽美,聽見呼叫請回答,東波,靈異神怪
286,都會愛情,戒紅癮,骨媛媛,靈異神怪
306,同人,論平靜生活什麼時候才會來到,問號云,靈異神怪
327,武俠仙俠,九仙宗,無敵正義棕熊,靈異神怪
351,玄幻,竹州-首卷,?清,靈異神怪
358,百合,天命,供過佛的多多綠,靈異神怪
366,奇幻,開棺驗屍《第一卷—成為提刑官》,非賢君子,靈異神怪
387,恐怖靈異,短篇恐怖故事：商場怪談,問心,靈異神怪
391,武俠仙俠,獸仙,歐沙,靈異神怪
404,驚悚推理,邪紅的呼喚,月雨海魅,靈異神怪
420,驚悚推理,異瞳,寒熙,靈異神怪
426,同人,波西•傑克森&混血營英雄&太陽神試煉 同人,甜味辛香料,靈異神怪
433,武俠仙俠,浮生似真醉晚林,不折花,靈異神怪
441,同人,【BLEACH】protect your own path,布丁,靈異神怪
448,其它,十二肖魂,Friend,靈異神怪
449,武俠仙俠,陰陽先生,墨琴,靈異神怪
458,玄幻,我的上司不是人,月兒彎,靈異神怪
474,奇幻,動物靈,萌呆,靈異神怪
499,奇幻,胡竹人的短篇故事集,胡竹人,靈異神怪
516,玄幻,打神,龍太子,靈異神怪
